"Dt Ultima  Totalização";"UF";"Município";"Cargo";"Nr";"Candidato";"Partido";"Situação";"Qt Votos  Válidos";"% Válidos";
"Última totalização: 23/05/2014 - 12:44:29";"PR";"CURITIBA";"Prefeito";"50";"BRUNO CÉSAR DESCHAMPS MEIRINHO";"PSOL";"Não eleito";"8.878";"0,910"
"";"PR";"CURITIBA";"Prefeito";"12";"GUSTAVO BONATO FRUET";"PDT";"2º turno";"265.451";"27,221"
"";"PR";"CURITIBA";"Prefeito";"15";"RAFAEL VALDOMIRO GRECA DE MACEDO";"PMDB";"Não eleito";"101.866";"10,446"
"";"PR";"CURITIBA";"Prefeito";"54";"ALZIMARA CABREIRA FRAGA BACELLAR";"PPL";"Não eleito";"4.518";"0,463"
"";"PR";"CURITIBA";"Prefeito";"40";"LUCIANO DUCCI";"PSB";"Não eleito";"261.049";"26,769"
"";"PR";"CURITIBA";"Prefeito";"28";"CARLOS ROBERTO DE MORAES";"PRTB";"Não eleito";"0";"0,000"
"";"PR";"CURITIBA";"Prefeito";"20";"CARLOS ROBERTO MASSA JUNIOR";"PSC";"2º turno";"332.408";"34,087"
"";"PR";"CURITIBA";"Prefeito";"16";"AVANILSON ALVES ARAÚJO";"PSTU";"Não eleito";"1.012";"0,104"
"Última totalização: 23/05/2014 - 12:44:34";"PR";"CURITIBA";"Vereador";"43.190";"CRISTIANO PEREIRA DOS SANTOS";"PV";"Eleito por QP";"14.819";"1,628"
"";"PR";"CURITIBA";"Vereador";"13.613";"JOSETE DUBIASKI DA SILVA";"PT";"Eleito por QP";"9.208";"1,011"
"";"PR";"CURITIBA";"Vereador";"12.345";"TITO ZEGLIN";"PDT";"Eleito por QP";"7.743";"0,850"
"";"PR";"CURITIBA";"Vereador";"43.043";"PAULO SALAMUNI";"PV";"Eleito por QP";"6.823";"0,749"
"";"PR";"CURITIBA";"Vereador";"13.000";"JONNY MAGALHÃES STICA";"PT";"Eleito por QP";"6.609";"0,726"
"";"PR";"CURITIBA";"Vereador";"12.000";"JORGE LUIZ BERNARDI";"PDT";"Eleito por QP";"5.727";"0,629"
"";"PR";"CURITIBA";"Vereador";"43.333";"ALADIM LUCIANO";"PV";"Eleito por QP";"5.130";"0,563"
"";"PR";"CURITIBA";"Vereador";"13.111";"PEDRO PAULO COSTA";"PT";"Eleito por média";"4.853";"0,533"
"";"PR";"CURITIBA";"Vereador";"13.611";"SALETE BAGOLIN BEZ";"PT";"Suplente";"4.462";"0,490"
"";"PR";"CURITIBA";"Vereador";"12.120";"KATIA DITTRICH";"PDT";"Suplente";"4.127";"0,453"
"";"PR";"CURITIBA";"Vereador";"12.222";"OSIRIS PONTONI KLAMAS";"PDT";"Suplente";"3.996";"0,439"
"";"PR";"CURITIBA";"Vereador";"13.311";"MARCOS ANTONIO VIEIRA";"PT";"Suplente";"3.901";"0,428"
"";"PR";"CURITIBA";"Vereador";"13.213";"ROSELI ISIDORO";"PT";"Suplente";"3.373";"0,370"
"";"PR";"CURITIBA";"Vereador";"13.130";"ANDRE CASTELO BRANCO MACHADO";"PT";"Suplente";"3.211";"0,353"
"";"PR";"CURITIBA";"Vereador";"12.710";"EDUARDO JOSE FERRAZ";"PDT";"Suplente";"3.195";"0,351"
"";"PR";"CURITIBA";"Vereador";"43.180";"MARIA LETICIA FAGUNDES";"PV";"Suplente";"3.015";"0,331"
"";"PR";"CURITIBA";"Vereador";"13.500";"LUIZ CARLOS PAIXÃO DA ROCHA";"PT";"Suplente";"2.844";"0,312"
"";"PR";"CURITIBA";"Vereador";"12.800";"OSNIN NUNES SOARES";"PDT";"Suplente";"2.808";"0,308"
"";"PR";"CURITIBA";"Vereador";"43.121";"MARCOS ANTONIO DA SILVA";"PV";"Suplente";"2.431";"0,267"
"";"PR";"CURITIBA";"Vereador";"43.111";"KENNY TSUSHIMA";"PV";"Suplente";"2.423";"0,266"
"";"PR";"CURITIBA";"Vereador";"12.012";"HÉLIO PEREIRA CURY";"PDT";"Suplente";"2.329";"0,256"
"";"PR";"CURITIBA";"Vereador";"13.131";"VITORIO SOROTIUK";"PT";"Suplente";"2.319";"0,255"
"";"PR";"CURITIBA";"Vereador";"13.123";"ANTONINHO CARLOS CLAUDINO DOS SANTOS";"PT";"Suplente";"2.222";"0,244"
"";"PR";"CURITIBA";"Vereador";"12.677";"IRINEU FERREIRA DA CRUZ";"PDT";"Suplente";"2.154";"0,237"
"";"PR";"CURITIBA";"Vereador";"43.000";"RUBENS ARTUR HERING";"PV";"Suplente";"2.119";"0,233"
"";"PR";"CURITIBA";"Vereador";"12.010";"BENEDITO GUILHERME FALCAO FARIAS";"PDT";"Suplente";"2.107";"0,231"
"";"PR";"CURITIBA";"Vereador";"12.512";"NELSON DA SILVA FONSECA";"PDT";"Suplente";"2.089";"0,229"
"";"PR";"CURITIBA";"Vereador";"13.222";"RONI ANDERSON BARBOSA";"PT";"Suplente";"2.064";"0,227"
"";"PR";"CURITIBA";"Vereador";"13.013";"ADEMIR VOLPATO GESSER";"PT";"Suplente";"2.017";"0,222"
"";"PR";"CURITIBA";"Vereador";"12.190";"DEOCAR ANTUNES DE LIMA";"PDT";"Suplente";"1.960";"0,215"
"";"PR";"CURITIBA";"Vereador";"13.888";"EDNA CAMILO DANTAS";"PT";"Suplente";"1.903";"0,209"
"";"PR";"CURITIBA";"Vereador";"43.858";"JOSÉ ARMANDO BASSETTI NETO";"PV";"Suplente";"1.865";"0,205"
"";"PR";"CURITIBA";"Vereador";"12.555";"OTÁVIO HENRIQUE SILVA FELINTO";"PDT";"Suplente";"1.864";"0,205"
"";"PR";"CURITIBA";"Vereador";"12.100";"ISAAC DE OLIVEIRA";"PDT";"Suplente";"1.812";"0,199"
"";"PR";"CURITIBA";"Vereador";"12.333";"ROSA MARIA CHIAMULERA";"PDT";"Suplente";"1.788";"0,196"
"";"PR";"CURITIBA";"Vereador";"43.198";"BENEDITO LIMA";"PV";"Suplente";"1.748";"0,192"
"";"PR";"CURITIBA";"Vereador";"43.123";"CHARLUAN GAMBALLE CORREIA";"PV";"Suplente";"1.594";"0,175"
"";"PR";"CURITIBA";"Vereador";"13.121";"EUSTAQUIO MOREIRA DOS SANTOS";"PT";"Suplente";"1.388";"0,152"
"";"PR";"CURITIBA";"Vereador";"12.673";"GERALDO CLAITO BOBATO";"PDT";"Suplente";"1.341";"0,147"
"";"PR";"CURITIBA";"Vereador";"43.143";"EDSON LUIZ FERREIRA DA CRUZ";"PV";"Suplente";"1.308";"0,144"
"";"PR";"CURITIBA";"Vereador";"43.993";"PATRICIA AUGUSTA HETZEL SILVA";"PV";"Suplente";"1.304";"0,143"
"";"PR";"CURITIBA";"Vereador";"13.113";"JOSE GERALDO DE VASCONCELOS";"PT";"Suplente";"1.264";"0,139"
"";"PR";"CURITIBA";"Vereador";"12.580";"ZAMIR KENNEDY HOSHI TEIXEIRA";"PDT";"Suplente";"1.186";"0,130"
"";"PR";"CURITIBA";"Vereador";"13.777";"LUIS CLAUDIO PEREIRA";"PT";"Suplente";"1.123";"0,123"
"";"PR";"CURITIBA";"Vereador";"12.001";"RAUL ALCÂNTARA DE SOUZA";"PDT";"Suplente";"1.117";"0,123"
"";"PR";"CURITIBA";"Vereador";"13.156";"DORIVAL DE ALMEIDA";"PT";"Suplente";"1.068";"0,117"
"";"PR";"CURITIBA";"Vereador";"12.612";"MARIA APARECIDA QUEIROGA";"PDT";"Suplente";"1.045";"0,115"
"";"PR";"CURITIBA";"Vereador";"12.600";"CLEINTON CALDEIRA";"PDT";"Suplente";"1.002";"0,110"
"";"PR";"CURITIBA";"Vereador";"43.488";"LUIZ QUINTINO MARTINS DE FIGUEIREDO";"PV";"Suplente";"982";"0,108"
"";"PR";"CURITIBA";"Vereador";"43.743";"TEREZINHA ROSSI";"PV";"Suplente";"966";"0,106"
"";"PR";"CURITIBA";"Vereador";"12.122";"LUCIO FORTES MOREIRA FILHO";"PDT";"Suplente";"931";"0,102"
"";"PR";"CURITIBA";"Vereador";"43.210";"MARIA DE FATIMA SADDOCK PEREIRA";"PV";"Suplente";"912";"0,100"
"";"PR";"CURITIBA";"Vereador";"43.256";"PEDRO LAURO DOMARADZKI";"PV";"Suplente";"895";"0,098"
"";"PR";"CURITIBA";"Vereador";"12.112";"LUIZ MAURICIO CAMARGO CARRARO";"PDT";"Suplente";"736";"0,081"
"";"PR";"CURITIBA";"Vereador";"13.444";"JOICE LUIS GRAMINHO";"PT";"Suplente";"717";"0,079"
"";"PR";"CURITIBA";"Vereador";"12.777";"GISELE SCHWINDEN DE SOUZA";"PDT";"Suplente";"683";"0,075"
"";"PR";"CURITIBA";"Vereador";"43.021";"PAULO MAZZA DE SOUZA";"PV";"Suplente";"615";"0,068"
"";"PR";"CURITIBA";"Vereador";"12.456";"PIRAJA FERREIRA";"PDT";"Suplente";"601";"0,066"
"";"PR";"CURITIBA";"Vereador";"13.285";"SESOSTRIS FILIPE ARMSTRONG OLIVEIRA";"PT";"Suplente";"594";"0,065"
"";"PR";"CURITIBA";"Vereador";"43.777";"KÁTIA PACHECO";"PV";"Suplente";"581";"0,064"
"";"PR";"CURITIBA";"Vereador";"43.223";"DIVINA ORTILIANO DOS SANTOS";"PV";"Suplente";"571";"0,063"
"";"PR";"CURITIBA";"Vereador";"43.909";"MARGARETE APARECIDA FLEITER";"PV";"Suplente";"516";"0,057"
"";"PR";"CURITIBA";"Vereador";"13.024";"JULIANA INEZ LUIZ DE SOUZA";"PT";"Suplente";"492";"0,054"
"";"PR";"CURITIBA";"Vereador";"12.500";"ROBERTO KUGLER";"PDT";"Suplente";"417";"0,046"
"";"PR";"CURITIBA";"Vereador";"12.013";"IRENE DO ROCIO DE ALMEIDA";"PDT";"Suplente";"394";"0,043"
"";"PR";"CURITIBA";"Vereador";"43.010";"THIAGO CHEMIN ROSENMANN";"PV";"Suplente";"377";"0,041"
"";"PR";"CURITIBA";"Vereador";"13.007";"LORI MASSOLIN FILHO";"PT";"Suplente";"374";"0,041"
"";"PR";"CURITIBA";"Vereador";"43.456";"DARTAGNAN SCHREDERHOF ALVES DIAS FERREIRA";"PV";"Suplente";"335";"0,037"
"";"PR";"CURITIBA";"Vereador";"12.212";"MARIA DA PIEDADE MONTEIRO DE ALMEIDA MOTTA";"PDT";"Suplente";"333";"0,037"
"";"PR";"CURITIBA";"Vereador";"13.333";"CARLOS ALBERTO LIMA";"PT";"Suplente";"318";"0,035"
"";"PR";"CURITIBA";"Vereador";"12.080";"JUÇARA APARECIDA DE ARRUDA LIMA MORO";"PDT";"Suplente";"297";"0,033"
"";"PR";"CURITIBA";"Vereador";"13.535";"PAULO HENRIQUE PAES DE SOUZA";"PT";"Suplente";"279";"0,031"
"";"PR";"CURITIBA";"Vereador";"12.051";"SAMIRA MOHSEN SAKHR TOMÉ";"PDT";"Suplente";"277";"0,030"
"";"PR";"CURITIBA";"Vereador";"13.010";"FATIMA DANGELO";"PT";"Suplente";"221";"0,024"
"";"PR";"CURITIBA";"Vereador";"43.555";"ELIANA MARIA MELLER";"PV";"Suplente";"219";"0,024"
"";"PR";"CURITIBA";"Vereador";"13.554";"LUSIA DE JESUS";"PT";"Suplente";"40";"0,004"
"";"PR";"CURITIBA";"Vereador";"15.007";"NOEMIA DE SOUZA E SILVA ALVES ROCHA";"PMDB";"Eleito por QP";"8.132";"0,893"
"";"PR";"CURITIBA";"Vereador";"15.420";"ANDRE FERREIRA FEIGES";"PMDB";"Suplente";"2.285";"0,251"
"";"PR";"CURITIBA";"Vereador";"15.181";"JUSSARA JOECKEL";"PMDB";"Suplente";"1.480";"0,163"
"";"PR";"CURITIBA";"Vereador";"15.000";"WILLIAN ANTUNES WENCESLAU BRAZ";"PMDB";"Suplente";"1.358";"0,149"
"";"PR";"CURITIBA";"Vereador";"15.815";"CATARINA TAVARES DA SILVA";"PMDB";"Suplente";"1.022";"0,112"
"";"PR";"CURITIBA";"Vereador";"15.153";"EVERSON CAMARGO";"PMDB";"Suplente";"867";"0,095"
"";"PR";"CURITIBA";"Vereador";"15.554";"JOAO IVAN AZEVEDO";"PMDB";"Suplente";"715";"0,079"
"";"PR";"CURITIBA";"Vereador";"15.999";"SÔNIA MARIA BARBOSA BRAGA";"PMDB";"Suplente";"654";"0,072"
"";"PR";"CURITIBA";"Vereador";"15.121";"MARCIO ROBERTO ITIBERE DE BARROS COELHO";"PMDB";"Suplente";"580";"0,064"
"";"PR";"CURITIBA";"Vereador";"15.909";"RUBIANA PILATTI TRENTIN";"PMDB";"Suplente";"411";"0,045"
"";"PR";"CURITIBA";"Vereador";"15.431";"JOAO BATISTA DE QUADROS";"PMDB";"Suplente";"405";"0,044"
"";"PR";"CURITIBA";"Vereador";"15.051";"ANTONIO ALEXANDRE DE OLIVEIRA MANCINI";"PMDB";"Suplente";"333";"0,037"
"";"PR";"CURITIBA";"Vereador";"15.555";"RENATO SOARES MARIN";"PMDB";"Suplente";"331";"0,036"
"";"PR";"CURITIBA";"Vereador";"15.115";"CLAUDIO CORREA GOMES";"PMDB";"Suplente";"311";"0,034"
"";"PR";"CURITIBA";"Vereador";"15.081";"WAGNALDO RODRIGUES";"PMDB";"Suplente";"305";"0,033"
"";"PR";"CURITIBA";"Vereador";"15.190";"DEJANIR FERREIRA JUNIOR";"PMDB";"Suplente";"287";"0,032"
"";"PR";"CURITIBA";"Vereador";"15.145";"JOAO SOBIERANSKI";"PMDB";"Suplente";"277";"0,030"
"";"PR";"CURITIBA";"Vereador";"15.052";"RAFAEL FRANÇA VOITCH";"PMDB";"Suplente";"267";"0,029"
"";"PR";"CURITIBA";"Vereador";"15.444";"ELOIR DE ALMEIDA GONÇALVES";"PMDB";"Suplente";"265";"0,029"
"";"PR";"CURITIBA";"Vereador";"15.315";"VICTOR HUGO NOBLE TEIXEIRA";"PMDB";"Suplente";"260";"0,029"
"";"PR";"CURITIBA";"Vereador";"15.013";"FRANCISCO WOJCIECHOWSKI";"PMDB";"Suplente";"256";"0,028"
"";"PR";"CURITIBA";"Vereador";"15.963";"CESÁRIO RICARDO MARCONCIN";"PMDB";"Suplente";"242";"0,027"
"";"PR";"CURITIBA";"Vereador";"15.015";"EDEMEZIO OLIVEIRA XAVIER";"PMDB";"Suplente";"238";"0,026"
"";"PR";"CURITIBA";"Vereador";"15.630";"PEDRO DONIZETE VIEIRA";"PMDB";"Suplente";"212";"0,023"
"";"PR";"CURITIBA";"Vereador";"15.111";"AGUINALDO GRAMAZIO WALTRICH";"PMDB";"Suplente";"184";"0,020"
"";"PR";"CURITIBA";"Vereador";"15.615";"ERASMO TAGAWA BRANDÃO";"PMDB";"Suplente";"183";"0,020"
"";"PR";"CURITIBA";"Vereador";"15.333";"APARECIDO GARCIA";"PMDB";"Suplente";"182";"0,020"
"";"PR";"CURITIBA";"Vereador";"15.156";"HELCIO SOARES PADILHA JUNIOR";"PMDB";"Suplente";"171";"0,019"
"";"PR";"CURITIBA";"Vereador";"15.021";"SEBASTIÃO DOMINGOS PEREIRA";"PMDB";"Suplente";"171";"0,019"
"";"PR";"CURITIBA";"Vereador";"15.067";"FRANCISCO LUIZ MERCER SCHIMIDT";"PMDB";"Suplente";"166";"0,018"
"";"PR";"CURITIBA";"Vereador";"15.777";"ALFREDO MARCOS DO PRADO";"PMDB";"Suplente";"119";"0,013"
"";"PR";"CURITIBA";"Vereador";"15.873";"HODSI RODRIGUES ELIAS";"PMDB";"Suplente";"116";"0,013"
"";"PR";"CURITIBA";"Vereador";"15.155";"ALISTELIA GONÇALVES DOS SANTOS";"PMDB";"Suplente";"91";"0,010"
"";"PR";"CURITIBA";"Vereador";"15.106";"ANTONIO ATILIO GOMES";"PMDB";"Suplente";"89";"0,010"
"";"PR";"CURITIBA";"Vereador";"15.500";"RICARDO TOSI";"PMDB";"Suplente";"83";"0,009"
"";"PR";"CURITIBA";"Vereador";"15.215";"PAULO CESAR LANGER";"PMDB";"Suplente";"81";"0,009"
"";"PR";"CURITIBA";"Vereador";"15.131";"DIRCE MARTINS DA SILVA";"PMDB";"Suplente";"72";"0,008"
"";"PR";"CURITIBA";"Vereador";"15.425";"GILBERTO WILSENSKI";"PMDB";"Suplente";"56";"0,006"
"";"PR";"CURITIBA";"Vereador";"15.551";"ALYSSON LUIS DONAISKI";"PMDB";"Suplente";"40";"0,004"
"";"PR";"CURITIBA";"Vereador";"15.001";"JUSSARA APARECIDA RUTESKI FISCHER";"PMDB";"Suplente";"39";"0,004"
"";"PR";"CURITIBA";"Vereador";"15.715";"ENDY PAULO CHAVES";"PMDB";"Suplente";"39";"0,004"
"";"PR";"CURITIBA";"Vereador";"15.890";"MARISA LIPINSKI DA FONSECA";"PMDB";"Não eleito";"0";"0,000"
"";"PR";"CURITIBA";"Vereador";"15.003";"NADIA ABADIE ALEIXO";"PMDB";"Não eleito";"0";"0,000"
"";"PR";"CURITIBA";"Vereador";"15.191";"GUIOMAR UNGARETI COSTA";"PMDB";"Não eleito";"0";"0,000"
"";"PR";"CURITIBA";"Vereador";"15.002";"KELY RENATA DOS SANTOS";"PMDB";"Não eleito";"0";"0,000"
"";"PR";"CURITIBA";"Vereador";"15.100";"MARCIO ALVES VELOZO";"PMDB";"Não eleito";"0";"0,000"
"";"PR";"CURITIBA";"Vereador";"11.500";"ANTONIO CARLOS DO CARMO";"PP";"Eleito por QP";"9.966";"1,095"
"";"PR";"CURITIBA";"Vereador";"11.234";"ALDEMIR JOÃO MANFRON";"PP";"Eleito por QP";"7.576";"0,832"
"";"PR";"CURITIBA";"Vereador";"11.200";"THIAGO KRONIT FERRO";"PP";"Suplente";"5.762";"0,633"
"";"PR";"CURITIBA";"Vereador";"11.669";"RICARDO DE OLIVEIRA MELLO";"PP";"Suplente";"4.060";"0,446"
"";"PR";"CURITIBA";"Vereador";"11.511";"JULIANO BORGHETTI";"PP";"Suplente";"3.809";"0,418"
"";"PR";"CURITIBA";"Vereador";"11.004";"JOÃO EMÍLIO SILVA";"PP";"Suplente";"2.680";"0,294"
"";"PR";"CURITIBA";"Vereador";"11.300";"LUIZ FERNANDO CORRÊA";"PP";"Suplente";"1.843";"0,202"
"";"PR";"CURITIBA";"Vereador";"11.033";"PEDRO RODRIGO DE ANDRADE";"PP";"Suplente";"1.804";"0,198"
"";"PR";"CURITIBA";"Vereador";"11.000";"CELESTINO ALVES DE SOUSA NETTO";"PP";"Suplente";"1.582";"0,174"
"";"PR";"CURITIBA";"Vereador";"11.111";"DANIEL CORDEIRO";"PP";"Suplente";"1.356";"0,149"
"";"PR";"CURITIBA";"Vereador";"11.456";"RUBENS ALVES DE CHAVES";"PP";"Suplente";"1.206";"0,132"
"";"PR";"CURITIBA";"Vereador";"11.555";"MARIA SILVANÍ ARAUJO GONÇALVES";"PP";"Suplente";"1.160";"0,127"
"";"PR";"CURITIBA";"Vereador";"11.888";"SERGIO MARIO CAPORASSO";"PP";"Suplente";"874";"0,096"
"";"PR";"CURITIBA";"Vereador";"11.236";"GEOVANE CIESIELSKI";"PP";"Suplente";"871";"0,096"
"";"PR";"CURITIBA";"Vereador";"11.666";"LOURIVAL BATISTA";"PP";"Suplente";"863";"0,095"
"";"PR";"CURITIBA";"Vereador";"11.125";"CELSO GARCIA DA SILVA";"PP";"Suplente";"696";"0,076"
"";"PR";"CURITIBA";"Vereador";"11.052";"MARIA DO SOCORRO ALMEIDA ROSA";"PP";"Suplente";"635";"0,070"
"";"PR";"CURITIBA";"Vereador";"11.001";"REINALDO PIRES DE OLIVEIRA";"PP";"Suplente";"588";"0,065"
"";"PR";"CURITIBA";"Vereador";"11.411";"MIGUEL SANDOR SZOLLOSI";"PP";"Suplente";"584";"0,064"
"";"PR";"CURITIBA";"Vereador";"11.720";"ANDRE LUIS DE ANDRADE NUNES";"PP";"Suplente";"522";"0,057"
"";"PR";"CURITIBA";"Vereador";"11.611";"ZAQUEU FERNANDES DE ALMEIDA";"PP";"Suplente";"499";"0,055"
"";"PR";"CURITIBA";"Vereador";"11.222";"MARIA ISABEL CARREIRA";"PP";"Suplente";"485";"0,053"
"";"PR";"CURITIBA";"Vereador";"11.280";"SELVINO VAZ DE QUADROS";"PP";"Suplente";"427";"0,047"
"";"PR";"CURITIBA";"Vereador";"11.470";"REGINA FARIA GOMES";"PP";"Suplente";"391";"0,043"
"";"PR";"CURITIBA";"Vereador";"11.777";"KLEBER SCHONEWEG WOLF";"PP";"Suplente";"368";"0,040"
"";"PR";"CURITIBA";"Vereador";"11.333";"JOSMAR FERRAZ";"PP";"Suplente";"326";"0,036"
"";"PR";"CURITIBA";"Vereador";"11.789";"LUIZ CARLOS DOBJANSKI";"PP";"Suplente";"312";"0,034"
"";"PR";"CURITIBA";"Vereador";"11.211";"MONICA VIEIRA BRETAS";"PP";"Suplente";"293";"0,032"
"";"PR";"CURITIBA";"Vereador";"11.444";"MAURICIO DANIEL COSTA";"PP";"Suplente";"259";"0,028"
"";"PR";"CURITIBA";"Vereador";"11.133";"LUIZ CARLOS CONCEIÇÃO";"PP";"Suplente";"238";"0,026"
"";"PR";"CURITIBA";"Vereador";"11.123";"FRANCISCO MOREIRA DE LIMA JUNIOR";"PP";"Suplente";"229";"0,025"
"";"PR";"CURITIBA";"Vereador";"11.011";"ÁLVARO NICOLI JUNIOR";"PP";"Suplente";"195";"0,021"
"";"PR";"CURITIBA";"Vereador";"11.012";"MARCIA ALVES MARTINS";"PP";"Suplente";"182";"0,020"
"";"PR";"CURITIBA";"Vereador";"11.021";"RUBENS MACHUCA";"PP";"Suplente";"159";"0,017"
"";"PR";"CURITIBA";"Vereador";"11.877";"IVONETE LUIZ DA SILVEIRA EUZÉBIO";"PP";"Suplente";"155";"0,017"
"";"PR";"CURITIBA";"Vereador";"11.610";"VANDUIR RODRIGUES MUNIZ";"PP";"Suplente";"142";"0,016"
"";"PR";"CURITIBA";"Vereador";"11.311";"CARLOS DE MORAES XAVIER";"PP";"Suplente";"140";"0,015"
"";"PR";"CURITIBA";"Vereador";"11.117";"EDVILSON DIAS DO NASCIMENTO";"PP";"Suplente";"138";"0,015"
"";"PR";"CURITIBA";"Vereador";"11.075";"LUIZ ANTONIO RODRIGUES";"PP";"Suplente";"134";"0,015"
"";"PR";"CURITIBA";"Vereador";"11.599";"JOÃO MARIA SANTOS FILHO";"PP";"Suplente";"128";"0,014"
"";"PR";"CURITIBA";"Vereador";"11.008";"PRISCILA SANTOS";"PP";"Suplente";"108";"0,012"
"";"PR";"CURITIBA";"Vereador";"11.613";"JOEL DE OLIVEIRA REIKDAL";"PP";"Suplente";"100";"0,011"
"";"PR";"CURITIBA";"Vereador";"11.171";"EVALDO VICTOR DE OLIVEIRA";"PP";"Suplente";"83";"0,009"
"";"PR";"CURITIBA";"Vereador";"11.115";"ELISÂNGELA DA SILVA";"PP";"Suplente";"31";"0,003"
"";"PR";"CURITIBA";"Vereador";"11.616";"CENIRA DE FÁTIMA HIRT";"PP";"Suplente";"19";"0,002"
"";"PR";"CURITIBA";"Vereador";"11.016";"CHRISTIANE HIRT DE SOUZA";"PP";"Suplente";"4";"0,000"
"";"PR";"CURITIBA";"Vereador";"11.213";"ELEN VAZ";"PP";"Suplente";"3";"0,000"
"";"PR";"CURITIBA";"Vereador";"54.054";"CAROLINA RIBAS E SILVA";"PPL";"Não eleito";"240";"0,026"
"";"PR";"CURITIBA";"Vereador";"54.321";"ADRIANO AUGUSTO DA CRUZ";"PPL";"Não eleito";"231";"0,025"
"";"PR";"CURITIBA";"Vereador";"23.123";"HELIO RENATO WIRBISKI";"PPS";"Eleito por QP";"7.728";"0,849"
"";"PR";"CURITIBA";"Vereador";"23.011";"PAULO ROBERTO RINK";"PPS";"Eleito por QP";"5.625";"0,618"
"";"PR";"CURITIBA";"Vereador";"23.023";"JOSE MARIA ALVES PEREIRA";"PPS";"Eleito por média";"5.333";"0,586"
"";"PR";"CURITIBA";"Vereador";"23.010";"RENATA EITELWEIN BUENO";"PPS";"Suplente";"4.791";"0,526"
"";"PR";"CURITIBA";"Vereador";"23.500";"NILSON SALES";"PPS";"Suplente";"4.306";"0,473"
"";"PR";"CURITIBA";"Vereador";"23.000";"DIOGO NASCIMENTO BUSSE";"PPS";"Suplente";"4.240";"0,466"
"";"PR";"CURITIBA";"Vereador";"23.900";"CARLOS MAURO BOBATO";"PPS";"Suplente";"3.455";"0,379"
"";"PR";"CURITIBA";"Vereador";"23.555";"OSCALINO DE MELO";"PPS";"Suplente";"2.758";"0,303"
"";"PR";"CURITIBA";"Vereador";"23.100";"ELAINE ESMANHOTTO BARETA";"PPS";"Suplente";"2.614";"0,287"
"";"PR";"CURITIBA";"Vereador";"23.333";"GREGORY SCHOEMBAKLA SLAVIERO BUNN";"PPS";"Suplente";"2.113";"0,232"
"";"PR";"CURITIBA";"Vereador";"23.133";"SONIA BRUSCH";"PPS";"Suplente";"2.001";"0,220"
"";"PR";"CURITIBA";"Vereador";"23.330";"RENATO BAGGIO BERBICZ";"PPS";"Suplente";"1.361";"0,149"
"";"PR";"CURITIBA";"Vereador";"23.611";"JOSE PEREIRA LIMA";"PPS";"Suplente";"1.355";"0,149"
"";"PR";"CURITIBA";"Vereador";"23.400";"ALAOR VALENTE TAVARES";"PPS";"Suplente";"1.337";"0,147"
"";"PR";"CURITIBA";"Vereador";"23.515";"JULIANO BATISTA RABELO";"PPS";"Suplente";"1.215";"0,133"
"";"PR";"CURITIBA";"Vereador";"23.003";"JOSE WANDERLEI LOPES";"PPS";"Suplente";"964";"0,106"
"";"PR";"CURITIBA";"Vereador";"23.280";"EDVIN PIO RIGOTTI";"PPS";"Suplente";"962";"0,106"
"";"PR";"CURITIBA";"Vereador";"23.213";"ARISTIDES BUENO FILHO";"PPS";"Suplente";"921";"0,101"
"";"PR";"CURITIBA";"Vereador";"23.190";"LUIZ CARLOS DE LIMA";"PPS";"Suplente";"914";"0,100"
"";"PR";"CURITIBA";"Vereador";"23.125";"FRANCISCO GILSONIR MOREIRA";"PPS";"Suplente";"651";"0,071"
"";"PR";"CURITIBA";"Vereador";"23.020";"PAULO CESAR VELOSO";"PPS";"Suplente";"553";"0,061"
"";"PR";"CURITIBA";"Vereador";"23.223";"IVAIR LUIZ CABRAL";"PPS";"Suplente";"484";"0,053"
"";"PR";"CURITIBA";"Vereador";"23.200";"ILSON APARECIDO ESTEFANI";"PPS";"Suplente";"454";"0,050"
"";"PR";"CURITIBA";"Vereador";"23.026";"SIDNEY COSTA";"PPS";"Suplente";"433";"0,048"
"";"PR";"CURITIBA";"Vereador";"23.456";"FERNANDO LINO DA SILVA";"PPS";"Suplente";"426";"0,047"
"";"PR";"CURITIBA";"Vereador";"23.789";"BERNARDINO ROBERTO DE CARVALHO";"PPS";"Suplente";"349";"0,038"
"";"PR";"CURITIBA";"Vereador";"23.156";"MARCELO CORDEIRO ALVES PINTO";"PPS";"Suplente";"334";"0,037"
"";"PR";"CURITIBA";"Vereador";"23.021";"APARECIDO HERNANDEZ DEL MAZO";"PPS";"Suplente";"314";"0,034"
"";"PR";"CURITIBA";"Vereador";"23.322";"LUIZ CARLOS BOHNEN";"PPS";"Suplente";"290";"0,032"
"";"PR";"CURITIBA";"Vereador";"23.012";"CLAUDIO CARDOSO DA SILVA";"PPS";"Suplente";"277";"0,030"
"";"PR";"CURITIBA";"Vereador";"23.007";"ANA MARIA NACHORNIK";"PPS";"Suplente";"275";"0,030"
"";"PR";"CURITIBA";"Vereador";"23.351";"MANOEL NERY GIL";"PPS";"Suplente";"272";"0,030"
"";"PR";"CURITIBA";"Vereador";"23.070";"NELSON FERREIRA";"PPS";"Suplente";"259";"0,028"
"";"PR";"CURITIBA";"Vereador";"23.523";"OSVALDO TEODORO BORN";"PPS";"Suplente";"210";"0,023"
"";"PR";"CURITIBA";"Vereador";"23.600";"TONY MARCELO PERUSSOLO";"PPS";"Suplente";"204";"0,022"
"";"PR";"CURITIBA";"Vereador";"23.030";"JOSE LUIZ NOGUEIRA BINOTTO";"PPS";"Suplente";"157";"0,017"
"";"PR";"CURITIBA";"Vereador";"23.042";"RONALDO LACERDA";"PPS";"Suplente";"156";"0,017"
"";"PR";"CURITIBA";"Vereador";"23.033";"ANGELA LINS DONHA";"PPS";"Suplente";"133";"0,015"
"";"PR";"CURITIBA";"Vereador";"23.230";"PAULO CESAR TELUSKI";"PPS";"Suplente";"120";"0,013"
"";"PR";"CURITIBA";"Vereador";"23.215";"ROSILENE DO NASCIMENTO ANTUNES";"PPS";"Suplente";"116";"0,013"
"";"PR";"CURITIBA";"Vereador";"23.654";"LUIZ GUILHERME GAERTNER";"PPS";"Suplente";"112";"0,012"
"";"PR";"CURITIBA";"Vereador";"23.212";"VALDECIR LOPES NICOLAU";"PPS";"Suplente";"103";"0,011"
"";"PR";"CURITIBA";"Vereador";"23.050";"MARIA ALICE MACIEL FIGUEIREDO";"PPS";"Suplente";"93";"0,010"
"";"PR";"CURITIBA";"Vereador";"23.300";"EDSON BASTOS DE BARROS";"PPS";"Suplente";"64";"0,007"
"";"PR";"CURITIBA";"Vereador";"23.016";"MONICA CAETANO DA SILVA";"PPS";"Suplente";"56";"0,006"
"";"PR";"CURITIBA";"Vereador";"23.018";"FLORISBELA DE LIMA PASQUINI";"PPS";"Suplente";"47";"0,005"
"";"PR";"CURITIBA";"Vereador";"23.027";"ZENI SCHERNOVEBER";"PPS";"Suplente";"35";"0,004"
"";"PR";"CURITIBA";"Vereador";"23.029";"INDIA MARA SAAD PENTEADO FERREIRA";"PPS";"Suplente";"21";"0,002"
"";"PR";"CURITIBA";"Vereador";"23.013";"JUSSARA FREIRE";"PPS";"Suplente";"17";"0,002"
"";"PR";"CURITIBA";"Vereador";"23.623";"ANA MARIA ANNIBELLI FERNANDES";"PPS";"Suplente";"9";"0,001"
"";"PR";"CURITIBA";"Vereador";"23.823";"VIVIAN REGINA PATZSCH";"PPS";"Suplente";"4";"0,000"
"";"PR";"CURITIBA";"Vereador";"23.360";"SARA LIGIA CHEMIM SELSKI DE SANTANA";"PPS";"Suplente";"3";"0,000"
"";"PR";"CURITIBA";"Vereador";"23.171";"CELIA REGINA LOCATELLI RODRIGUES";"PPS";"Não eleito";"0";"0,000"
"";"PR";"CURITIBA";"Vereador";"65.123";"CELIO DAS NEVES";"PC do B";"Não eleito";"3.130";"0,344"
"";"PR";"CURITIBA";"Vereador";"22.190";"WANDERLEI JEOVAL DA SILVA";"PR";"Não eleito";"1.930";"0,212"
"";"PR";"CURITIBA";"Vereador";"65.432";"FABIO BACILA SAHD";"PC do B";"Não eleito";"1.491";"0,164"
"";"PR";"CURITIBA";"Vereador";"65.131";"ELZA MARIA CAMPOS";"PC do B";"Não eleito";"1.308";"0,144"
"";"PR";"CURITIBA";"Vereador";"22.322";"THIAGO GABRIEL CORREA DE OLIVEIRA";"PR";"Não eleito";"1.077";"0,118"
"";"PR";"CURITIBA";"Vereador";"65.007";"EMILIO JOSÉ ALVES ANDRADE";"PC do B";"Não eleito";"895";"0,098"
"";"PR";"CURITIBA";"Vereador";"22.213";"GLAILSON GONCALVES SANTANA";"PR";"Não eleito";"702";"0,077"
"";"PR";"CURITIBA";"Vereador";"22.220";"SANDRA LUCIA PELIKI";"PR";"Não eleito";"649";"0,071"
"";"PR";"CURITIBA";"Vereador";"65.656";"FRANCISCO MANOEL DE ASSIS FRANÇA";"PC do B";"Não eleito";"622";"0,068"
"";"PR";"CURITIBA";"Vereador";"22.345";"AGENOR DE SOUZA LEAL NETO";"PR";"Não eleito";"611";"0,067"
"";"PR";"CURITIBA";"Vereador";"65.504";"ABNER CHECON";"PC do B";"Não eleito";"524";"0,058"
"";"PR";"CURITIBA";"Vereador";"22.531";"RUBENS VAZ MOREIRA";"PR";"Não eleito";"491";"0,054"
"";"PR";"CURITIBA";"Vereador";"22.145";"WASHINGTON MENDES";"PR";"Não eleito";"476";"0,052"
"";"PR";"CURITIBA";"Vereador";"22.505";"EVANDRO PEREZ";"PR";"Não eleito";"476";"0,052"
"";"PR";"CURITIBA";"Vereador";"65.233";"LAURA JESUS DE MOURA E COSTA";"PC do B";"Não eleito";"475";"0,052"
"";"PR";"CURITIBA";"Vereador";"22.623";"ERIAN MACUCO";"PR";"Não eleito";"454";"0,050"
"";"PR";"CURITIBA";"Vereador";"22.888";"ORELIO FONTANA NETO";"PR";"Não eleito";"402";"0,044"
"";"PR";"CURITIBA";"Vereador";"22.123";"ANTONIO CARLOS MAGNO";"PR";"Não eleito";"385";"0,042"
"";"PR";"CURITIBA";"Vereador";"22.122";"JOSAFA LIBERAL DA SILVA";"PR";"Não eleito";"378";"0,042"
"";"PR";"CURITIBA";"Vereador";"22.022";"ADAIR AVILA ROA";"PR";"Não eleito";"372";"0,041"
"";"PR";"CURITIBA";"Vereador";"22.999";"BRUNO GUERRA ROMÃO";"PR";"Não eleito";"372";"0,041"
"";"PR";"CURITIBA";"Vereador";"22.456";"ELOI GOMES PEREIRA";"PR";"Não eleito";"369";"0,041"
"";"PR";"CURITIBA";"Vereador";"22.223";"ARLINDO LIMA DE OLIVEIRA";"PR";"Não eleito";"359";"0,039"
"";"PR";"CURITIBA";"Vereador";"22.513";"NILSON CANDIDO DOS SANTOS";"PR";"Não eleito";"344";"0,038"
"";"PR";"CURITIBA";"Vereador";"22.222";"ELCIO ARAUJO";"PR";"Não eleito";"288";"0,032"
"";"PR";"CURITIBA";"Vereador";"65.555";"ANDRE GUILHERME FAUCZ DE LACERDA";"PC do B";"Não eleito";"229";"0,025"
"";"PR";"CURITIBA";"Vereador";"65.789";"GIRLANIA GOMES DOS SANTOS";"PC do B";"Não eleito";"227";"0,025"
"";"PR";"CURITIBA";"Vereador";"22.000";"MAURO LUCIO SILVA";"PR";"Não eleito";"205";"0,023"
"";"PR";"CURITIBA";"Vereador";"65.456";"JOSE LE SENECHAL NETO";"PC do B";"Não eleito";"186";"0,020"
"";"PR";"CURITIBA";"Vereador";"22.225";"CLAUDETE COSTA DA SILVA";"PR";"Não eleito";"181";"0,020"
"";"PR";"CURITIBA";"Vereador";"22.612";"JOAO DA SILVA";"PR";"Não eleito";"157";"0,017"
"";"PR";"CURITIBA";"Vereador";"22.360";"AIRTON MOREIRA DINIZ";"PR";"Não eleito";"150";"0,016"
"";"PR";"CURITIBA";"Vereador";"65.999";"ISRAEL MACHADO";"PC do B";"Não eleito";"142";"0,016"
"";"PR";"CURITIBA";"Vereador";"22.107";"ANTONIO FERRAS";"PR";"Não eleito";"115";"0,013"
"";"PR";"CURITIBA";"Vereador";"22.224";"GILSON CAMARGO";"PR";"Não eleito";"103";"0,011"
"";"PR";"CURITIBA";"Vereador";"22.234";"JOSE CARLOS DE LIMA";"PR";"Não eleito";"93";"0,010"
"";"PR";"CURITIBA";"Vereador";"22.210";"MARCELO LIMA BARBOSA";"PR";"Não eleito";"89";"0,010"
"";"PR";"CURITIBA";"Vereador";"22.963";"MILTON FERREIRA BRUNO";"PR";"Não eleito";"60";"0,007"
"";"PR";"CURITIBA";"Vereador";"65.105";"OILSON ANTONIO ALVES";"PC do B";"Não eleito";"36";"0,004"
"";"PR";"CURITIBA";"Vereador";"22.591";"ANA PAULA MARCELINO DA SILVA";"PR";"Não eleito";"30";"0,003"
"";"PR";"CURITIBA";"Vereador";"22.020";"JOAO DOS SANTOS";"PR";"Não eleito";"23";"0,003"
"";"PR";"CURITIBA";"Vereador";"65.065";"DANIELA KINDLEIN";"PC do B";"Não eleito";"22";"0,002"
"";"PR";"CURITIBA";"Vereador";"65.654";"ELIZABETE FERREIRA";"PC do B";"Não eleito";"20";"0,002"
"";"PR";"CURITIBA";"Vereador";"22.755";"JOSE ANTONIO DE JESUS";"PR";"Não eleito";"14";"0,002"
"";"PR";"CURITIBA";"Vereador";"45.021";"JOÃO GALDINO DE SOUZA";"PSDB";"Eleito por QP";"13.983";"1,536"
"";"PR";"CURITIBA";"Vereador";"10.123";"VALDEMIR MANOEL SOARES";"PRB";"Eleito por QP";"12.725";"1,398"
"";"PR";"CURITIBA";"Vereador";"45.678";"SERGIO RENATO BUENO BALAGUER";"PSDB";"Eleito por QP";"12.303";"1,351"
"";"PR";"CURITIBA";"Vereador";"45.500";"LUIZ FELIPE GUBERT BRAGA CORTES";"PSDB";"Eleito por QP";"10.045";"1,103"
"";"PR";"CURITIBA";"Vereador";"40.004";"MARIA DE LOURDES BESERRA DE SOUSA";"PSB";"Eleito por QP";"9.924";"1,090"
"";"PR";"CURITIBA";"Vereador";"55.555";"JAIRO MARCELINO DA SILVA";"PSD";"Eleito por QP";"9.592";"1,053"
"";"PR";"CURITIBA";"Vereador";"45.655";"GILBERTO PIRES DOS SANTOS";"PSDB";"Eleito por QP";"9.326";"1,024"
"";"PR";"CURITIBA";"Vereador";"40.156";"LEONIDAS EDSON KUZMA";"PSB";"Eleito por QP";"8.541";"0,938"
"";"PR";"CURITIBA";"Vereador";"25.625";"SABINO PICOLO";"DEM";"Eleito por QP";"7.388";"0,811"
"";"PR";"CURITIBA";"Vereador";"33.456";"FRANCISCO COSTA FILHO";"PMN";"Eleito por QP";"7.099";"0,780"
"";"PR";"CURITIBA";"Vereador";"40.550";"EDMAR COLPANI";"PSB";"Eleito por QP";"6.981";"0,767"
"";"PR";"CURITIBA";"Vereador";"25.670";"JULIETA MARIA BRAGA CORTES FIALHO DOS REIS";"DEM";"Eleito por média";"6.965";"0,765"
"";"PR";"CURITIBA";"Vereador";"40.850";"MAURO JOSÉ IGNACIO";"PSB";"Eleito por média";"6.843";"0,752"
"";"PR";"CURITIBA";"Vereador";"40.640";"JOSÉ ORTIZ LINS";"PSB";"Suplente";"6.624";"0,727"
"";"PR";"CURITIBA";"Vereador";"45.300";"EDSON PEREIRA RODRIGUES";"PSDB";"Suplente";"6.301";"0,692"
"";"PR";"CURITIBA";"Vereador";"55.000";"CELSO TORQUATO";"PSD";"Suplente";"6.263";"0,688"
"";"PR";"CURITIBA";"Vereador";"45.888";"JORGE YAMAWAKI";"PSDB";"Suplente";"6.193";"0,680"
"";"PR";"CURITIBA";"Vereador";"45.045";"JAIR CEZAR DE OLIVEIRA";"PSDB";"Suplente";"6.020";"0,661"
"";"PR";"CURITIBA";"Vereador";"31.031";"EDSON OLIVEIRA DE SOUZA";"PHS";"Suplente";"5.400";"0,593"
"";"PR";"CURITIBA";"Vereador";"55.055";"GENIVALDO JOSÉ DOS SANTOS";"PSD";"Suplente";"5.378";"0,591"
"";"PR";"CURITIBA";"Vereador";"45.007";"JOÃO LUIZ SIMÕES CORDEIRO";"PSDB";"Suplente";"4.990";"0,548"
"";"PR";"CURITIBA";"Vereador";"40.123";"JOSE GORSKI";"PSB";"Suplente";"4.365";"0,479"
"";"PR";"CURITIBA";"Vereador";"55.655";"JOACIR ROBERTO HINÇA";"PSD";"Suplente";"4.271";"0,469"
"";"PR";"CURITIBA";"Vereador";"45.145";"FRANCISCO CARLOS DOS SANTOS GARCEZ";"PSDB";"Suplente";"4.255";"0,467"
"";"PR";"CURITIBA";"Vereador";"40.199";"HERNANI DA SILVA";"PSB";"Suplente";"4.211";"0,462"
"";"PR";"CURITIBA";"Vereador";"40.222";"LUIZ CARLOS DÉA";"PSB";"Suplente";"3.996";"0,439"
"";"PR";"CURITIBA";"Vereador";"40.333";"CLEVERSON FRAGOSO";"PSB";"Suplente";"3.562";"0,391"
"";"PR";"CURITIBA";"Vereador";"45.745";"MARIA GORETTI DAVID LOPES";"PSDB";"Suplente";"3.334";"0,366"
"";"PR";"CURITIBA";"Vereador";"55.123";"MARIE KAWAKAMI OKAMURA TAMINATO";"PSD";"Suplente";"2.913";"0,320"
"";"PR";"CURITIBA";"Vereador";"40.000";"PAULO ENÉAS BORGES BUENO NETTO";"PSB";"Suplente";"2.588";"0,284"
"";"PR";"CURITIBA";"Vereador";"45.000";"MARIA HELENA DEROSSO";"PSDB";"Suplente";"2.532";"0,278"
"";"PR";"CURITIBA";"Vereador";"45.333";"RAFAEL EUGENIO BERTOLDI";"PSDB";"Suplente";"2.404";"0,264"
"";"PR";"CURITIBA";"Vereador";"45.555";"ODILON VOLKMANN";"PSDB";"Suplente";"2.400";"0,264"
"";"PR";"CURITIBA";"Vereador";"40.540";"PAULO AFONSO NASCIMENTO";"PSB";"Suplente";"2.249";"0,247"
"";"PR";"CURITIBA";"Vereador";"40.040";"MARIO CELSO PUGLIELLI DA CUNHA JUNIOR";"PSB";"Suplente";"2.205";"0,242"
"";"PR";"CURITIBA";"Vereador";"10.300";"EZEQUIAS DE SOUZA BARROS";"PRB";"Suplente";"2.205";"0,242"
"";"PR";"CURITIBA";"Vereador";"25.825";"DENILSON PIRES DA SILVA";"DEM";"Suplente";"2.011";"0,221"
"";"PR";"CURITIBA";"Vereador";"40.021";"PAULO CASEMIRO";"PSB";"Suplente";"1.708";"0,188"
"";"PR";"CURITIBA";"Vereador";"55.707";"CLODOALDO JOSÉ BARBARINE";"PSD";"Suplente";"1.583";"0,174"
"";"PR";"CURITIBA";"Vereador";"40.007";"MARINETE LINO SANTANA";"PSB";"Suplente";"1.577";"0,173"
"";"PR";"CURITIBA";"Vereador";"40.777";"JOAO CARLOS SANTANA";"PSB";"Suplente";"1.335";"0,147"
"";"PR";"CURITIBA";"Vereador";"55.233";"ZILDO COSTA";"PSD";"Suplente";"1.256";"0,138"
"";"PR";"CURITIBA";"Vereador";"45.245";"EMERSON RODRIGUES DO PRADO";"PSDB";"Suplente";"1.219";"0,134"
"";"PR";"CURITIBA";"Vereador";"25.025";"IVALINO GARCIA";"DEM";"Suplente";"949";"0,104"
"";"PR";"CURITIBA";"Vereador";"25.123";"SARAI BATISTA AGIBERT";"DEM";"Suplente";"909";"0,100"
"";"PR";"CURITIBA";"Vereador";"10.000";"DOMITILLA FUZETTI INCREDULO KOLICHESKI";"PRB";"Suplente";"907";"0,100"
"";"PR";"CURITIBA";"Vereador";"33.552";"PAULO CESAR BUENO";"PMN";"Suplente";"905";"0,099"
"";"PR";"CURITIBA";"Vereador";"55.222";"LUCAS VIEIRA LEAL";"PSD";"Suplente";"894";"0,098"
"";"PR";"CURITIBA";"Vereador";"25.100";"GERALDO GONÇALVES DOS SANTOS";"DEM";"Suplente";"799";"0,088"
"";"PR";"CURITIBA";"Vereador";"45.789";"ANDRE GERONIMO LAZZAROTTO";"PSDB";"Suplente";"790";"0,087"
"";"PR";"CURITIBA";"Vereador";"40.590";"ELI JOSE RIBEIRO";"PSB";"Suplente";"710";"0,078"
"";"PR";"CURITIBA";"Vereador";"25.608";"EDILAINE VIDAL";"DEM";"Suplente";"671";"0,074"
"";"PR";"CURITIBA";"Vereador";"45.113";"MANOEL PEREIRA DA CRUZ";"PSDB";"Suplente";"588";"0,065"
"";"PR";"CURITIBA";"Vereador";"40.113";"JOSÉ APARECIDO DA SILVA";"PSB";"Suplente";"583";"0,064"
"";"PR";"CURITIBA";"Vereador";"45.456";"ERIKA LUIZA DA SILVA FELLER";"PSDB";"Suplente";"569";"0,062"
"";"PR";"CURITIBA";"Vereador";"45.123";"MIRIAM BARBOSA E SILVA DE LIMA";"PSDB";"Suplente";"543";"0,060"
"";"PR";"CURITIBA";"Vereador";"25.777";"AFFONSO ALVES DE CAMARGO";"DEM";"Suplente";"532";"0,058"
"";"PR";"CURITIBA";"Vereador";"40.013";"EMILIO ERCOLE POLITANO";"PSB";"Suplente";"526";"0,058"
"";"PR";"CURITIBA";"Vereador";"55.551";"MARIA DOROTHEIA SICURO VALLE";"PSD";"Suplente";"507";"0,056"
"";"PR";"CURITIBA";"Vereador";"45.166";"LEONICE MOTTA VIEIRA";"PSDB";"Suplente";"453";"0,050"
"";"PR";"CURITIBA";"Vereador";"31.123";"ANTONIO CLAUDIO FERREIRA DA CRUZ";"PHS";"Suplente";"449";"0,049"
"";"PR";"CURITIBA";"Vereador";"55.999";"JOZIRA FERREIRA DA COSTA";"PSD";"Suplente";"422";"0,046"
"";"PR";"CURITIBA";"Vereador";"40.555";"ALZENIR TOSCAN";"PSB";"Suplente";"398";"0,044"
"";"PR";"CURITIBA";"Vereador";"40.340";"EDNA MARIA DOS SANTOS";"PSB";"Suplente";"381";"0,042"
"";"PR";"CURITIBA";"Vereador";"45.777";"MIRIAN DE GODOY BUENO SENEGAGLIA";"PSDB";"Suplente";"363";"0,040"
"";"PR";"CURITIBA";"Vereador";"40.070";"MIRNA MARY SILVA BATISTA";"PSB";"Suplente";"349";"0,038"
"";"PR";"CURITIBA";"Vereador";"40.456";"MÁRCIO DA SILVEIRA MARINS";"PSB";"Suplente";"334";"0,037"
"";"PR";"CURITIBA";"Vereador";"55.234";"ALEXANDRE PATRICK DALAGNOL";"PSD";"Suplente";"324";"0,036"
"";"PR";"CURITIBA";"Vereador";"55.442";"GILMAR PEREIRA FAGUNDES";"PSD";"Suplente";"250";"0,027"
"";"PR";"CURITIBA";"Vereador";"40.400";"ROSELI GOMES GARCIA";"PSB";"Suplente";"231";"0,025"
"";"PR";"CURITIBA";"Vereador";"25.222";"PAULO ROBERTO RIBEIRO CANALI";"DEM";"Suplente";"204";"0,022"
"";"PR";"CURITIBA";"Vereador";"45.214";"TEREZINHA APARECIDA DE LIMA";"PSDB";"Suplente";"153";"0,017"
"";"PR";"CURITIBA";"Vereador";"55.550";"DAIZINARA DA SILVA GONÇALVES";"PSD";"Suplente";"136";"0,015"
"";"PR";"CURITIBA";"Vereador";"25.500";"NILMA CORDEIRO REIS";"DEM";"Suplente";"110";"0,012"
"";"PR";"CURITIBA";"Vereador";"40.840";"RUTH DE SOUZA";"PSB";"Suplente";"65";"0,007"
"";"PR";"CURITIBA";"Vereador";"44.400";"LUIZ TADEU SEIDEL BERNARDINA";"PRP";"Não eleito";"1.757";"0,193"
"";"PR";"CURITIBA";"Vereador";"44.123";"FABIANO DOS SANTOS";"PRP";"Não eleito";"1.693";"0,186"
"";"PR";"CURITIBA";"Vereador";"44.744";"MÁRCIO BORGES BRITO";"PRP";"Não eleito";"1.508";"0,166"
"";"PR";"CURITIBA";"Vereador";"44.999";"PAULO CESAR NOGUEIRA";"PRP";"Não eleito";"1.134";"0,125"
"";"PR";"CURITIBA";"Vereador";"44.513";"NIVALDO BUSINARI";"PRP";"Não eleito";"930";"0,102"
"";"PR";"CURITIBA";"Vereador";"44.444";"LUIZ JUVENCIO PEREIRA";"PRP";"Não eleito";"858";"0,094"
"";"PR";"CURITIBA";"Vereador";"44.044";"LUCIA ROSA BECKER DOS SANTOS";"PRP";"Não eleito";"819";"0,090"
"";"PR";"CURITIBA";"Vereador";"44.789";"MAURO SÉRGIO DOS REIS";"PRP";"Não eleito";"765";"0,084"
"";"PR";"CURITIBA";"Vereador";"44.901";"SAMUEL SCHIFTER";"PRP";"Não eleito";"741";"0,081"
"";"PR";"CURITIBA";"Vereador";"44.100";"DANIEL MARLLON MASSANEIRO";"PRP";"Não eleito";"684";"0,075"
"";"PR";"CURITIBA";"Vereador";"44.944";"MARCOS CARDOSO";"PRP";"Não eleito";"638";"0,070"
"";"PR";"CURITIBA";"Vereador";"44.168";"VALÉRIO CAVALHEIRO";"PRP";"Não eleito";"628";"0,069"
"";"PR";"CURITIBA";"Vereador";"44.190";"JOSÉ ANTONIO DA SILVA FILHO";"PRP";"Não eleito";"609";"0,067"
"";"PR";"CURITIBA";"Vereador";"44.644";"AGOSTINHO LOPES SANTANA";"PRP";"Não eleito";"571";"0,063"
"";"PR";"CURITIBA";"Vereador";"44.040";"ALESSANDRO MORAES";"PRP";"Não eleito";"478";"0,052"
"";"PR";"CURITIBA";"Vereador";"44.000";"JOSÉ RIBEIRO DE LIMA";"PRP";"Não eleito";"389";"0,043"
"";"PR";"CURITIBA";"Vereador";"44.321";"JOÃO CARLOS DA SILVA";"PRP";"Não eleito";"317";"0,035"
"";"PR";"CURITIBA";"Vereador";"44.445";"ANTONIO MAURICIO BUENO";"PRP";"Não eleito";"307";"0,034"
"";"PR";"CURITIBA";"Vereador";"44.954";"ABRÃO THOMAS DA SILVA";"PRP";"Não eleito";"268";"0,029"
"";"PR";"CURITIBA";"Vereador";"44.300";"BALBINO TEODORO DA SILVA";"PRP";"Não eleito";"235";"0,026"
"";"PR";"CURITIBA";"Vereador";"44.555";"DORINEY ROBERTO DOS SANTOS";"PRP";"Não eleito";"226";"0,025"
"";"PR";"CURITIBA";"Vereador";"44.775";"CLAUDEMIR ALVES DE OLIVEIRA";"PRP";"Não eleito";"201";"0,022"
"";"PR";"CURITIBA";"Vereador";"44.770";"GUILHERME MAX ESCHHOLZ";"PRP";"Não eleito";"170";"0,019"
"";"PR";"CURITIBA";"Vereador";"44.713";"RICARDO VILARINHO DA COSTA";"PRP";"Não eleito";"163";"0,018"
"";"PR";"CURITIBA";"Vereador";"44.013";"ALEXANDRE CEZARINO DE SALLES";"PRP";"Não eleito";"146";"0,016"
"";"PR";"CURITIBA";"Vereador";"44.612";"ANTONIO MARCOS COELHO";"PRP";"Não eleito";"143";"0,016"
"";"PR";"CURITIBA";"Vereador";"44.244";"ENESTOR MARÇAL DA SILVA";"PRP";"Não eleito";"138";"0,015"
"";"PR";"CURITIBA";"Vereador";"44.777";"PEDRO CORDEIRO DOS SANTOS";"PRP";"Não eleito";"129";"0,014"
"";"PR";"CURITIBA";"Vereador";"44.567";"ERICK FELIPE DA SILVA";"PRP";"Não eleito";"125";"0,014"
"";"PR";"CURITIBA";"Vereador";"44.987";"ARLETE DO ROCIO VIRTUOSO";"PRP";"Não eleito";"116";"0,013"
"";"PR";"CURITIBA";"Vereador";"44.265";"SÉRGIO AUGUSTO SATURNO";"PRP";"Não eleito";"112";"0,012"
"";"PR";"CURITIBA";"Vereador";"44.110";"SEBASTIÃO LEMES VIEIRA";"PRP";"Não eleito";"111";"0,012"
"";"PR";"CURITIBA";"Vereador";"44.500";"MURILO BARROSO DOS SANTOS";"PRP";"Não eleito";"94";"0,010"
"";"PR";"CURITIBA";"Vereador";"44.200";"JOSÉ GONÇALVES PEREIRA";"PRP";"Não eleito";"90";"0,010"
"";"PR";"CURITIBA";"Vereador";"44.333";"TELMA RAQUEL SANTOS DA SILVA";"PRP";"Não eleito";"89";"0,010"
"";"PR";"CURITIBA";"Vereador";"44.011";"ABENEL MOTTA DE OLIVEIRA";"PRP";"Não eleito";"75";"0,008"
"";"PR";"CURITIBA";"Vereador";"44.234";"GERSON DE JESUS FANHA";"PRP";"Não eleito";"66";"0,007"
"";"PR";"CURITIBA";"Vereador";"44.222";"REGIANE CRISTINA DOS REIS";"PRP";"Não eleito";"61";"0,007"
"";"PR";"CURITIBA";"Vereador";"44.007";"APARECIDO VIEIRA DE OLIVEIRA";"PRP";"Não eleito";"56";"0,006"
"";"PR";"CURITIBA";"Vereador";"44.844";"SIDENEI HORTA RIBAS";"PRP";"Não eleito";"54";"0,006"
"";"PR";"CURITIBA";"Vereador";"44.441";"MOACIR RAFAEL DO AMARAL";"PRP";"Não eleito";"50";"0,005"
"";"PR";"CURITIBA";"Vereador";"44.022";"VICTOR DOS SANTOS AZEVEDO";"PRP";"Não eleito";"41";"0,005"
"";"PR";"CURITIBA";"Vereador";"44.448";"SHEILA ELIAS RIBEIRO";"PRP";"Não eleito";"41";"0,005"
"";"PR";"CURITIBA";"Vereador";"44.050";"EVANI APARECIDA CALDAS DE LIMA";"PRP";"Não eleito";"16";"0,002"
"";"PR";"CURITIBA";"Vereador";"44.080";"MARCIA REGINA FRIEBE";"PRP";"Não eleito";"2";"0,000"
"";"PR";"CURITIBA";"Vereador";"44.006";"SOLENE MARIA BALDISSERA PEREIRA";"PRP";"Não eleito";"1";"0,000"
"";"PR";"CURITIBA";"Vereador";"44.008";"TAIS CAROLINA DA SILVA";"PRP";"Não eleito";"1";"0,000"
"";"PR";"CURITIBA";"Vereador";"44.002";"SUZANA MARIA CHAGAS";"PRP";"Não eleito";"0";"0,000"
"";"PR";"CURITIBA";"Vereador";"44.060";"JOSÉLIA SIMONE BARBOSA RIBAS";"PRP";"Não eleito";"0";"0,000"
"";"PR";"CURITIBA";"Vereador";"44.613";"MARIA APARECIDA DE SOUZA CASTELIANO";"PRP";"Não eleito";"0";"0,000"
"";"PR";"CURITIBA";"Vereador";"44.003";"SILVANA MARIA DA SILVA";"PRP";"Não eleito";"0";"0,000"
"";"PR";"CURITIBA";"Vereador";"20.020";"ADILSON ALVES LEANDRO";"PSC";"Eleito por QP";"7.691";"0,845"
"";"PR";"CURITIBA";"Vereador";"20.100";"TIAGO AUGUSTO GEVERT";"PSC";"Eleito por QP";"6.059";"0,665"
"";"PR";"CURITIBA";"Vereador";"20.789";"AILTON CARDOZO DE ARAUJO";"PSC";"Eleito por QP";"5.378";"0,591"
"";"PR";"CURITIBA";"Vereador";"20.130";"BRUNO EDUARDO FISCHER PESSUTI";"PSC";"Eleito por QP";"4.691";"0,515"
"";"PR";"CURITIBA";"Vereador";"20.007";"CARLA CRISTIANA DE CARVALHO";"PSC";"Eleito por QP";"4.167";"0,458"
"";"PR";"CURITIBA";"Vereador";"20.920";"ROGERIO CAMPOS";"PSC";"Eleito por média";"3.903";"0,429"
"";"PR";"CURITIBA";"Vereador";"20.069";"JULIO CESAR SOBOTA";"PSC";"Suplente";"3.642";"0,400"
"";"PR";"CURITIBA";"Vereador";"20.181";"TANIA MARA ABRÃO GUERREIRO";"PSC";"Suplente";"3.636";"0,399"
"";"PR";"CURITIBA";"Vereador";"20.200";"RODRIGO LEITE DE MORAIS";"PSC";"Suplente";"3.225";"0,354"
"";"PR";"CURITIBA";"Vereador";"20.180";"JOÃO FLAUSINO DIAS";"PSC";"Suplente";"3.174";"0,349"
"";"PR";"CURITIBA";"Vereador";"20.620";"REGINALDO APARECIDO ANANIAS";"PSC";"Suplente";"3.144";"0,345"
"";"PR";"CURITIBA";"Vereador";"20.025";"RODRIGO VIEIRA PROENCA";"PSC";"Suplente";"3.100";"0,340"
"";"PR";"CURITIBA";"Vereador";"20.000";"PAULO CESAR FRISSO";"PSC";"Suplente";"3.004";"0,330"
"";"PR";"CURITIBA";"Vereador";"20.444";"WALTER GODINHO DA ROCHA";"PSC";"Suplente";"2.650";"0,291"
"";"PR";"CURITIBA";"Vereador";"20.222";"ALEX DESONE DE LARA VAZ";"PSC";"Suplente";"2.638";"0,290"
"";"PR";"CURITIBA";"Vereador";"20.700";"CLAUDIO JUSTINO SPANHOL";"PSC";"Suplente";"2.400";"0,264"
"";"PR";"CURITIBA";"Vereador";"20.123";"JORGE ISMAEL CORDEIRO";"PSC";"Suplente";"2.345";"0,258"
"";"PR";"CURITIBA";"Vereador";"20.234";"HELIO NUNES DE OLIVEIRA";"PSC";"Suplente";"2.289";"0,251"
"";"PR";"CURITIBA";"Vereador";"20.012";"PAULO FRANCISCO COELHO SOARES";"PSC";"Suplente";"2.276";"0,250"
"";"PR";"CURITIBA";"Vereador";"20.777";"ESPERANÇA MINERVINI ROMERO FONTES GOMES";"PSC";"Suplente";"2.159";"0,237"
"";"PR";"CURITIBA";"Vereador";"20.041";"ANDRE ATILA BONILAURI MENDES";"PSC";"Suplente";"2.095";"0,230"
"";"PR";"CURITIBA";"Vereador";"20.011";"HELIO CARDOSO LINS";"PSC";"Suplente";"1.969";"0,216"
"";"PR";"CURITIBA";"Vereador";"20.043";"ARLETE IVONE CARAMES";"PSC";"Suplente";"1.883";"0,207"
"";"PR";"CURITIBA";"Vereador";"20.023";"ROBERTO SOUZA DE LIZ";"PSC";"Suplente";"1.493";"0,164"
"";"PR";"CURITIBA";"Vereador";"20.600";"MARIA ANGELICA MEDEIROS BOSSI";"PSC";"Suplente";"1.484";"0,163"
"";"PR";"CURITIBA";"Vereador";"20.150";"ANA TEREZA NUNES DA MOTTA";"PSC";"Suplente";"1.420";"0,156"
"";"PR";"CURITIBA";"Vereador";"20.120";"RICARDO PINTO";"PSC";"Suplente";"1.303";"0,143"
"";"PR";"CURITIBA";"Vereador";"20.240";"JUVENIL SAMPAIO DE SOUZA";"PSC";"Suplente";"1.291";"0,142"
"";"PR";"CURITIBA";"Vereador";"20.112";"VALMIR DE ALMEIDA";"PSC";"Suplente";"1.289";"0,142"
"";"PR";"CURITIBA";"Vereador";"20.333";"AZIZ HAIDAR";"PSC";"Suplente";"1.276";"0,140"
"";"PR";"CURITIBA";"Vereador";"20.101";"ENEMAR DE MOURA PASSOS";"PSC";"Suplente";"1.209";"0,133"
"";"PR";"CURITIBA";"Vereador";"20.014";"MARIO CESAR DOS SANTOS";"PSC";"Suplente";"1.023";"0,112"
"";"PR";"CURITIBA";"Vereador";"70.007";"ROBERTO BIESEMEYER";"PT do B";"Suplente";"1.017";"0,112"
"";"PR";"CURITIBA";"Vereador";"20.987";"MARCOS AURELIO LUCCA";"PSC";"Suplente";"969";"0,106"
"";"PR";"CURITIBA";"Vereador";"20.184";"SERGIO INACIO DA SILVA";"PSC";"Suplente";"903";"0,099"
"";"PR";"CURITIBA";"Vereador";"70.707";"LAERCIO LOPES DE ARAUJO";"PT do B";"Suplente";"862";"0,095"
"";"PR";"CURITIBA";"Vereador";"20.021";"EDERSON PATRICK SEVERO MACHADO";"PSC";"Suplente";"744";"0,082"
"";"PR";"CURITIBA";"Vereador";"20.456";"JESSE ALVES CORDEIRO";"PSC";"Suplente";"699";"0,077"
"";"PR";"CURITIBA";"Vereador";"20.024";"CARLOS ANDRE SILVA TAMEZ";"PSC";"Suplente";"692";"0,076"
"";"PR";"CURITIBA";"Vereador";"20.320";"ERIKA WANDEMBRUCK ALVES";"PSC";"Suplente";"646";"0,071"
"";"PR";"CURITIBA";"Vereador";"20.202";"COLATINO DE CASTRO NETO";"PSC";"Suplente";"636";"0,070"
"";"PR";"CURITIBA";"Vereador";"20.063";"VANIA FATIMA DE LIMA";"PSC";"Suplente";"533";"0,059"
"";"PR";"CURITIBA";"Vereador";"20.002";"ANGELA MARIA DE OLIVEIRA PRESTES";"PSC";"Suplente";"525";"0,058"
"";"PR";"CURITIBA";"Vereador";"20.321";"CELIO ANDRADE DA SILVA";"PSC";"Suplente";"519";"0,057"
"";"PR";"CURITIBA";"Vereador";"20.111";"SINEI GERALDO DE OLIVEIRA SILVA";"PSC";"Suplente";"512";"0,056"
"";"PR";"CURITIBA";"Vereador";"70.888";"LACI ALONCIO DA CUNHA";"PT do B";"Suplente";"509";"0,056"
"";"PR";"CURITIBA";"Vereador";"20.999";"AFONSO BERNARDO SCHLEDER DE MACEDO";"PSC";"Suplente";"472";"0,052"
"";"PR";"CURITIBA";"Vereador";"20.555";"RODRIGO DE FREITAS BARBIERI";"PSC";"Suplente";"438";"0,048"
"";"PR";"CURITIBA";"Vereador";"20.015";"OLIZETE MARIA JUNGLES";"PSC";"Suplente";"426";"0,047"
"";"PR";"CURITIBA";"Vereador";"70.100";"MARCELO EDUARDO PIENARO CHRISÓSTOMO";"PT do B";"Suplente";"418";"0,046"
"";"PR";"CURITIBA";"Vereador";"70.021";"JOSE FRANCISCO DA ROCHA POMBO SOBIERAY";"PT do B";"Suplente";"412";"0,045"
"";"PR";"CURITIBA";"Vereador";"20.171";"EMERSON SETTI";"PSC";"Suplente";"409";"0,045"
"";"PR";"CURITIBA";"Vereador";"20.153";"EUNICE DO CARMO SALLES BINA";"PSC";"Suplente";"409";"0,045"
"";"PR";"CURITIBA";"Vereador";"70.123";"JOSE DEODATO SKROSKI";"PT do B";"Suplente";"408";"0,045"
"";"PR";"CURITIBA";"Vereador";"20.001";"GUSTAVO DE SANTA CRUZ ARRUDA";"PSC";"Suplente";"356";"0,039"
"";"PR";"CURITIBA";"Vereador";"20.891";"ELOIR JOSÉ GOLEMBA";"PSC";"Suplente";"313";"0,034"
"";"PR";"CURITIBA";"Vereador";"20.194";"IARA DO ROCIO VAZ";"PSC";"Suplente";"299";"0,033"
"";"PR";"CURITIBA";"Vereador";"20.919";"MARIA ROSA DOS SANTOS ARAUJO";"PSC";"Suplente";"297";"0,033"
"";"PR";"CURITIBA";"Vereador";"70.077";"DIONISIO JOAO WINIARSKI";"PT do B";"Suplente";"285";"0,031"
"";"PR";"CURITIBA";"Vereador";"20.500";"NAPOLEAO DE VASCONCELOS";"PSC";"Suplente";"279";"0,031"
"";"PR";"CURITIBA";"Vereador";"20.045";"VERA LUCIA DE FATIMA ALVES";"PSC";"Suplente";"257";"0,028"
"";"PR";"CURITIBA";"Vereador";"20.157";"ANA CARMEN DE OLIVEIRA";"PSC";"Suplente";"239";"0,026"
"";"PR";"CURITIBA";"Vereador";"20.888";"ALEIDA BITENCOURT MARTINS";"PSC";"Suplente";"232";"0,025"
"";"PR";"CURITIBA";"Vereador";"20.720";"ROBERTA DE OLIVEIRA SOUZA DOS SANTOS";"PSC";"Suplente";"229";"0,025"
"";"PR";"CURITIBA";"Vereador";"20.800";"MAURICIO BASTOS";"PSC";"Suplente";"210";"0,023"
"";"PR";"CURITIBA";"Vereador";"20.221";"ROBERTO OTERO PADILHA BRAGA";"PSC";"Suplente";"205";"0,023"
"";"PR";"CURITIBA";"Vereador";"70.013";"AMINE CAROLINE PARUCKER E SILVA FRITZ";"PT do B";"Suplente";"166";"0,018"
"";"PR";"CURITIBA";"Vereador";"20.345";"VIVIAN TEREZINHA MILANI NEIVA DE LIMA RODRIGUES";"PSC";"Suplente";"155";"0,017"
"";"PR";"CURITIBA";"Vereador";"70.777";"JORGE LUIZ JACQUES NUNES";"PT do B";"Suplente";"131";"0,014"
"";"PR";"CURITIBA";"Vereador";"70.001";"LUIZ RICARDO ESCHIONATO PADILHA";"PT do B";"Suplente";"118";"0,013"
"";"PR";"CURITIBA";"Vereador";"20.192";"CLEONICE WAGNER NEGRÃO";"PSC";"Suplente";"111";"0,012"
"";"PR";"CURITIBA";"Vereador";"70.070";"LUIZ ANTONIO MORAIS";"PT do B";"Suplente";"109";"0,012"
"";"PR";"CURITIBA";"Vereador";"20.055";"JAQUELINE KOPP";"PSC";"Suplente";"74";"0,008"
"";"PR";"CURITIBA";"Vereador";"70.709";"JOCIANE APARECIDA HUK";"PT do B";"Suplente";"1";"0,000"
"";"PR";"CURITIBA";"Vereador";"27.970";"AGENOR DA SILVA PEREIRA";"PSDC";"Eleito por QP";"3.838";"0,422"
"";"PR";"CURITIBA";"Vereador";"27.123";"JOSÉ CARLOS CHICARELLI";"PSDC";"Eleito por média";"3.751";"0,412"
"";"PR";"CURITIBA";"Vereador";"27.444";"FERNANDO JOSÉ RODRIGUES DE OLIVEIRA";"PSDC";"Suplente";"3.318";"0,364"
"";"PR";"CURITIBA";"Vereador";"27.156";"CELSO ANTUNES";"PSDC";"Suplente";"2.815";"0,309"
"";"PR";"CURITIBA";"Vereador";"27.033";"JOSÉ LEONEL";"PSDC";"Suplente";"2.763";"0,303"
"";"PR";"CURITIBA";"Vereador";"27.369";"ALTAIR RODRIGUES";"PSDC";"Suplente";"2.051";"0,225"
"";"PR";"CURITIBA";"Vereador";"27.555";"NEEMIAS PORTELA";"PSDC";"Suplente";"1.886";"0,207"
"";"PR";"CURITIBA";"Vereador";"27.001";"CARLOS ROBERTO MISCOLI";"PSDC";"Suplente";"1.808";"0,199"
"";"PR";"CURITIBA";"Vereador";"27.000";"AMAURI DE JESUS PEREIRA";"PSDC";"Suplente";"1.269";"0,139"
"";"PR";"CURITIBA";"Vereador";"27.007";"ROGER JAQUES ABADE";"PSDC";"Suplente";"1.177";"0,129"
"";"PR";"CURITIBA";"Vereador";"27.234";"EMERSON GILBERTO PALHARES";"PSDC";"Suplente";"1.016";"0,112"
"";"PR";"CURITIBA";"Vereador";"27.277";"CELSO FELIPE DE ARAUJO";"PSDC";"Suplente";"962";"0,106"
"";"PR";"CURITIBA";"Vereador";"27.027";"LEONIR DE ALMEIDA";"PSDC";"Suplente";"889";"0,098"
"";"PR";"CURITIBA";"Vereador";"27.777";"SEBASTIÃO VANDERLEY VIEIRA";"PSDC";"Suplente";"765";"0,084"
"";"PR";"CURITIBA";"Vereador";"27.333";"ISMAEL MOREIRA DE SOUSA";"PSDC";"Suplente";"723";"0,079"
"";"PR";"CURITIBA";"Vereador";"27.456";"CARLOS ROBERTO CARNEIRO";"PSDC";"Suplente";"717";"0,079"
"";"PR";"CURITIBA";"Vereador";"27.012";"JOSÉ NEY DA SILVA";"PSDC";"Suplente";"656";"0,072"
"";"PR";"CURITIBA";"Vereador";"27.011";"RAPHAEL DE SOUZA LOBO";"PSDC";"Suplente";"647";"0,071"
"";"PR";"CURITIBA";"Vereador";"27.888";"ALBINO SURECK";"PSDC";"Suplente";"597";"0,066"
"";"PR";"CURITIBA";"Vereador";"27.700";"SILVESTRE AUGUSTO MADEIRA";"PSDC";"Suplente";"576";"0,063"
"";"PR";"CURITIBA";"Vereador";"27.144";"ALEXANDRE JOSÉ MONTEIRO";"PSDC";"Suplente";"568";"0,062"
"";"PR";"CURITIBA";"Vereador";"27.500";"EDIMAR MENESES SANTOS";"PSDC";"Suplente";"564";"0,062"
"";"PR";"CURITIBA";"Vereador";"27.040";"JAIRO MOREIRA JUNIOR";"PSDC";"Suplente";"540";"0,059"
"";"PR";"CURITIBA";"Vereador";"27.224";"JOÃO ROCHA DE SOUZA";"PSDC";"Suplente";"540";"0,059"
"";"PR";"CURITIBA";"Vereador";"27.002";"ALICINO SARAIVA";"PSDC";"Suplente";"513";"0,056"
"";"PR";"CURITIBA";"Vereador";"27.800";"SILVIO BARLETTA DE ALMEIDA";"PSDC";"Suplente";"498";"0,055"
"";"PR";"CURITIBA";"Vereador";"27.100";"IVO ROBERTO DA SILVA";"PSDC";"Suplente";"426";"0,047"
"";"PR";"CURITIBA";"Vereador";"27.999";"EDSON JOSÉ SOUZA PAULA";"PSDC";"Suplente";"410";"0,045"
"";"PR";"CURITIBA";"Vereador";"27.037";"ANDREA CARVALHO VELOSO";"PSDC";"Suplente";"406";"0,045"
"";"PR";"CURITIBA";"Vereador";"27.127";"WILMA FONTANA DE SOUZA ALVARES";"PSDC";"Suplente";"400";"0,044"
"";"PR";"CURITIBA";"Vereador";"27.111";"SANDRO FERREIRA MARTINS";"PSDC";"Suplente";"351";"0,039"
"";"PR";"CURITIBA";"Vereador";"27.770";"OLGA MARGOT MACEDO";"PSDC";"Suplente";"337";"0,037"
"";"PR";"CURITIBA";"Vereador";"27.047";"TANIA REGINA GOMES";"PSDC";"Suplente";"334";"0,037"
"";"PR";"CURITIBA";"Vereador";"27.889";"LUINNI FORGHIERI";"PSDC";"Suplente";"319";"0,035"
"";"PR";"CURITIBA";"Vereador";"27.600";"SILVIA JULIANA RIBEIRO";"PSDC";"Suplente";"285";"0,031"
"";"PR";"CURITIBA";"Vereador";"27.021";"GERSON BATISTA RIBEIRO";"PSDC";"Suplente";"281";"0,031"
"";"PR";"CURITIBA";"Vereador";"27.345";"MARIO CACHENSKI DAHER";"PSDC";"Suplente";"253";"0,028"
"";"PR";"CURITIBA";"Vereador";"27.758";"EVA MAURICE DIONISIO";"PSDC";"Suplente";"249";"0,027"
"";"PR";"CURITIBA";"Vereador";"27.222";"TIMOTEO BORGES DE CAMPOS";"PSDC";"Suplente";"232";"0,025"
"";"PR";"CURITIBA";"Vereador";"27.211";"REUEL LOPES GALVÃO FILHO";"PSDC";"Suplente";"214";"0,024"
"";"PR";"CURITIBA";"Vereador";"27.398";"ALDAIR PAULO DOS SANTOS FERREIRA";"PSDC";"Suplente";"208";"0,023"
"";"PR";"CURITIBA";"Vereador";"27.147";"JOANA APARECIDA CUSTÓDIO";"PSDC";"Suplente";"207";"0,023"
"";"PR";"CURITIBA";"Vereador";"27.859";"EDILSON RENI WESTPHAL";"PSDC";"Suplente";"162";"0,018"
"";"PR";"CURITIBA";"Vereador";"27.750";"ANOEMA LOPES SANT'ANA";"PSDC";"Suplente";"156";"0,017"
"";"PR";"CURITIBA";"Vereador";"27.137";"CENIRA TRINDADE DOS SANTOS";"PSDC";"Suplente";"145";"0,016"
"";"PR";"CURITIBA";"Vereador";"27.364";"CARLOS ALBERTO SCHMIDT";"PSDC";"Suplente";"134";"0,015"
"";"PR";"CURITIBA";"Vereador";"27.713";"NADIR FERREIRA DA SILVA";"PSDC";"Suplente";"128";"0,014"
"";"PR";"CURITIBA";"Vereador";"27.892";"LAERTES JOSÉ ALVES VENTURA";"PSDC";"Suplente";"100";"0,011"
"";"PR";"CURITIBA";"Vereador";"27.946";"PEDRO ALBERTO CAPRARO";"PSDC";"Suplente";"74";"0,008"
"";"PR";"CURITIBA";"Vereador";"27.190";"TEREZINHA RIBEIRO PICOLO";"PSDC";"Suplente";"66";"0,007"
"";"PR";"CURITIBA";"Vereador";"27.051";"RODOLFO KRAFT";"PSDC";"Suplente";"43";"0,005"
"";"PR";"CURITIBA";"Vereador";"27.311";"MARIA ELIZABETE SCHOENBERGER";"PSDC";"Suplente";"29";"0,003"
"";"PR";"CURITIBA";"Vereador";"27.218";"HERODES CONCEIÇÃO DE PAULA";"PSDC";"Suplente";"27";"0,003"
"";"PR";"CURITIBA";"Vereador";"27.300";"ELIZABETH MARQUES CARDOSO";"PSDC";"Suplente";"26";"0,003"
"";"PR";"CURITIBA";"Vereador";"27.009";"HEVERLIN KEITI FIAMONCINI";"PSDC";"Suplente";"2";"0,000"
"";"PR";"CURITIBA";"Vereador";"17.100";"DIRCEU MOREIRA CARRIEL";"PSL";"Eleito por QP";"5.633";"0,619"
"";"PR";"CURITIBA";"Vereador";"17.456";"LUIS FERNANDO ARAÚJO STELLFELD";"PSL";"Suplente";"3.442";"0,378"
"";"PR";"CURITIBA";"Vereador";"17.999";"PAULO MEIRA LIMA";"PSL";"Suplente";"1.651";"0,181"
"";"PR";"CURITIBA";"Vereador";"17.017";"NEMÉCIO CLEMENTE BERNARDI MULLER";"PSL";"Suplente";"1.567";"0,172"
"";"PR";"CURITIBA";"Vereador";"17.111";"ISAIAS PEREIRA DA SILVA";"PSL";"Suplente";"1.459";"0,160"
"";"PR";"CURITIBA";"Vereador";"17.888";"MANOEL LUCIANO DE ANDRADE";"PSL";"Suplente";"1.404";"0,154"
"";"PR";"CURITIBA";"Vereador";"17.292";"SAMANTHA KATY SENTER";"PSL";"Suplente";"1.197";"0,131"
"";"PR";"CURITIBA";"Vereador";"17.007";"PERCY CORDEIRO DOS SANTOS";"PSL";"Suplente";"799";"0,088"
"";"PR";"CURITIBA";"Vereador";"17.666";"WALTER HENRIQUE BOZA";"PSL";"Suplente";"789";"0,087"
"";"PR";"CURITIBA";"Vereador";"17.777";"EDISON JOSÉ TULCHESKI DE OLIVEIRA";"PSL";"Suplente";"707";"0,078"
"";"PR";"CURITIBA";"Vereador";"17.223";"JAIR DORCELINO DA CONCEIÇÃO";"PSL";"Suplente";"620";"0,068"
"";"PR";"CURITIBA";"Vereador";"17.156";"ARAMIS CORDEIRO";"PSL";"Suplente";"610";"0,067"
"";"PR";"CURITIBA";"Vereador";"17.021";"SILVESTRE DA SILVA CAMARGO";"PSL";"Suplente";"597";"0,066"
"";"PR";"CURITIBA";"Vereador";"17.500";"MARIA ANÁLIA WALTER";"PSL";"Suplente";"586";"0,064"
"";"PR";"CURITIBA";"Vereador";"17.041";"RICARDO NELSON HALICK";"PSL";"Suplente";"574";"0,063"
"";"PR";"CURITIBA";"Vereador";"17.555";"FRANCISCO DE ASSIS FERREIRA DA COSTA";"PSL";"Suplente";"514";"0,056"
"";"PR";"CURITIBA";"Vereador";"17.420";"CAUÊ ZADRA BERTOLI";"PSL";"Suplente";"513";"0,056"
"";"PR";"CURITIBA";"Vereador";"17.644";"AÉLCIO LUIZ DE OLIVEIRA";"PSL";"Suplente";"457";"0,050"
"";"PR";"CURITIBA";"Vereador";"17.712";"ANDERSON RAMALHO DOS SANTOS";"PSL";"Suplente";"424";"0,047"
"";"PR";"CURITIBA";"Vereador";"17.333";"NIVALDO VALTER FRAGOZO";"PSL";"Suplente";"423";"0,046"
"";"PR";"CURITIBA";"Vereador";"17.336";"GERALDO MARTINS PINTO";"PSL";"Suplente";"418";"0,046"
"";"PR";"CURITIBA";"Vereador";"17.222";"ADEMIR FRANCISCO";"PSL";"Suplente";"382";"0,042"
"";"PR";"CURITIBA";"Vereador";"17.010";"LUIZ ROBERTO GUTIERREZ MONTEIRO";"PSL";"Suplente";"368";"0,040"
"";"PR";"CURITIBA";"Vereador";"17.300";"PAULO FRANCISCO SURIANO";"PSL";"Suplente";"351";"0,039"
"";"PR";"CURITIBA";"Vereador";"17.212";"MARCOS ROBERTO TIMOTIO";"PSL";"Suplente";"333";"0,037"
"";"PR";"CURITIBA";"Vereador";"17.190";"THIAGO DUNKO";"PSL";"Suplente";"300";"0,033"
"";"PR";"CURITIBA";"Vereador";"17.029";"CLAUDIO SANTOS DE ANDRADE";"PSL";"Suplente";"298";"0,033"
"";"PR";"CURITIBA";"Vereador";"17.177";"CLAUDINEI MENEGUETTI";"PSL";"Suplente";"282";"0,031"
"";"PR";"CURITIBA";"Vereador";"17.200";"DOUGLAS CESÁRIO CATTANI";"PSL";"Suplente";"247";"0,027"
"";"PR";"CURITIBA";"Vereador";"17.232";"CREVES DE OLIVEIRA ALMEIDA";"PSL";"Suplente";"242";"0,027"
"";"PR";"CURITIBA";"Vereador";"17.789";"ANDRÉ LUIZ YATES DE ALMEIDA";"PSL";"Suplente";"232";"0,025"
"";"PR";"CURITIBA";"Vereador";"17.557";"DIRCEU ALVES KENOR";"PSL";"Suplente";"224";"0,025"
"";"PR";"CURITIBA";"Vereador";"17.470";"ANA KOSNIYZEKO";"PSL";"Suplente";"219";"0,024"
"";"PR";"CURITIBA";"Vereador";"17.800";"FÁBIO JOSÉ DE JESUS FERRARI";"PSL";"Suplente";"213";"0,023"
"";"PR";"CURITIBA";"Vereador";"17.966";"DANIEL SOPPA";"PSL";"Suplente";"196";"0,022"
"";"PR";"CURITIBA";"Vereador";"17.646";"SUELI TEREZINHA TORTURA";"PSL";"Suplente";"178";"0,020"
"";"PR";"CURITIBA";"Vereador";"17.191";"DEIZI CRISTINA WITZKI DE BARROS";"PSL";"Suplente";"167";"0,018"
"";"PR";"CURITIBA";"Vereador";"17.005";"DIRCE SENTER";"PSL";"Suplente";"164";"0,018"
"";"PR";"CURITIBA";"Vereador";"17.001";"ADRIANO GOMES STACHECZYN";"PSL";"Suplente";"162";"0,018"
"";"PR";"CURITIBA";"Vereador";"17.027";"LAUZINA PEREIRA";"PSL";"Suplente";"123";"0,014"
"";"PR";"CURITIBA";"Vereador";"17.550";"LUCIANO ATAMANZUCK";"PSL";"Suplente";"117";"0,013"
"";"PR";"CURITIBA";"Vereador";"17.031";"ROSIDETE DA CONSEIÇÃO SERPE";"PSL";"Suplente";"111";"0,012"
"";"PR";"CURITIBA";"Vereador";"17.004";"REGUINA RIBASKI";"PSL";"Suplente";"111";"0,012"
"";"PR";"CURITIBA";"Vereador";"17.444";"DILMA FÁTIMA RODRIGUES";"PSL";"Suplente";"110";"0,012"
"";"PR";"CURITIBA";"Vereador";"17.979";"ROSE MIRIAN FERREIRA";"PSL";"Suplente";"97";"0,011"
"";"PR";"CURITIBA";"Vereador";"17.008";"MARISA TEREZINHA SCUSSIATO";"PSL";"Suplente";"88";"0,010"
"";"PR";"CURITIBA";"Vereador";"17.124";"HERILDO FERNANDES GOMES";"PSL";"Suplente";"75";"0,008"
"";"PR";"CURITIBA";"Vereador";"17.115";"SEBASTIÃO CANDIDO DA SILVA";"PSL";"Suplente";"74";"0,008"
"";"PR";"CURITIBA";"Vereador";"17.044";"CLAUDIA ALVES DE OLIVEIRA";"PSL";"Suplente";"69";"0,008"
"";"PR";"CURITIBA";"Vereador";"17.556";"FERNANDO CESAR ALVES PEREIRA";"PSL";"Suplente";"58";"0,006"
"";"PR";"CURITIBA";"Vereador";"17.047";"RODRIGO MORITZ BRITEZ";"PSL";"Suplente";"54";"0,006"
"";"PR";"CURITIBA";"Vereador";"17.400";"CLEIDE DOS SANTOS STROVONCHEVSKI";"PSL";"Suplente";"43";"0,005"
"";"PR";"CURITIBA";"Vereador";"17.799";"MARISTELA DE SOUZA LINS";"PSL";"Suplente";"39";"0,004"
"";"PR";"CURITIBA";"Vereador";"17.661";"SILVIA DE CASSIA ROSA";"PSL";"Suplente";"36";"0,004"
"";"PR";"CURITIBA";"Vereador";"17.012";"GENECI VARGAS SOUTO";"PSL";"Suplente";"34";"0,004"
"";"PR";"CURITIBA";"Vereador";"17.700";"NILSO RODRIGUES DE GODOES";"PSL";"Não eleito";"0";"0,000"
"";"PR";"CURITIBA";"Vereador";"50.500";"BERNARDO SEIXAS PILOTTO";"PSOL";"Não eleito";"1.311";"0,144"
"";"PR";"CURITIBA";"Vereador";"50.069";"XÊNIA KAROLINE MELLO";"PSOL";"Não eleito";"1.037";"0,114"
"";"PR";"CURITIBA";"Vereador";"50.123";"THIAGO DE SOUSA BAGATIN";"PSOL";"Não eleito";"602";"0,066"
"";"PR";"CURITIBA";"Vereador";"50.000";"JOSÉ ODENIR VIATROSKI SANT ANA";"PSOL";"Não eleito";"430";"0,047"
"";"PR";"CURITIBA";"Vereador";"50.027";"CHRISTIANE ELIZABETH RIGHETTO";"PSOL";"Não eleito";"405";"0,044"
"";"PR";"CURITIBA";"Vereador";"50.005";"JAQUES MARIO BRAND";"PSOL";"Não eleito";"355";"0,039"
"";"PR";"CURITIBA";"Vereador";"50.100";"WAGNER TAUSCHECK";"PSOL";"Não eleito";"354";"0,039"
"";"PR";"CURITIBA";"Vereador";"50.050";"JOSE JUVANCI DA SILVA";"PSOL";"Não eleito";"256";"0,028"
"";"PR";"CURITIBA";"Vereador";"50.010";"AMADORA GIRALDELLI SANCHES BUENO";"PSOL";"Não eleito";"232";"0,025"
"";"PR";"CURITIBA";"Vereador";"50.555";"DULCINEIA RIBEIRO BOVOLENTA";"PSOL";"Não eleito";"204";"0,022"
"";"PR";"CURITIBA";"Vereador";"50.707";"LUIZ CARLOS VIEIRA";"PSOL";"Não eleito";"159";"0,017"
"";"PR";"CURITIBA";"Vereador";"50.125";"APARECIDO RODRIGUES DE SOUZA";"PSOL";"Não eleito";"91";"0,010"
"";"PR";"CURITIBA";"Vereador";"16.000";"MARIANE DE SIQUEIRA";"PSTU";"Não eleito";"1.142";"0,125"
"";"PR";"CURITIBA";"Vereador";"14.128";"PIERPAOLO PETRUZZIELLO";"PTB";"Eleito por QP";"6.132";"0,673"
"";"PR";"CURITIBA";"Vereador";"14.333";"GEOVANE ALVES FERNANDES";"PTB";"Eleito por média";"2.861";"0,314"
"";"PR";"CURITIBA";"Vereador";"14.567";"THADEU VELOSO MARIA";"PTB";"Suplente";"2.766";"0,304"
"";"PR";"CURITIBA";"Vereador";"14.500";"FABIANE DELISIE CABRAL DA ROSA";"PTB";"Suplente";"2.700";"0,297"
"";"PR";"CURITIBA";"Vereador";"14.614";"JOSIAS ISRAEL DIAS";"PTB";"Suplente";"2.109";"0,232"
"";"PR";"CURITIBA";"Vereador";"14.111";"FERNANDO JOSE TISSOT";"PTB";"Suplente";"2.040";"0,224"
"";"PR";"CURITIBA";"Vereador";"14.789";"LUCIANO PEREIRA MEWES";"PTB";"Suplente";"1.715";"0,188"
"";"PR";"CURITIBA";"Vereador";"14.000";"PAULO ALBERTO KRONEIS";"PTB";"Suplente";"1.334";"0,147"
"";"PR";"CURITIBA";"Vereador";"14.160";"ARIVALDIR GASPAR";"PTB";"Suplente";"1.303";"0,143"
"";"PR";"CURITIBA";"Vereador";"14.200";"BOHDAN METCHKO FILHO";"PTB";"Suplente";"1.252";"0,138"
"";"PR";"CURITIBA";"Vereador";"14.555";"AFONSO CELSO RANGEL SANTOS";"PTB";"Suplente";"937";"0,103"
"";"PR";"CURITIBA";"Vereador";"14.123";"JAIRO DE OLIVEIRA E SILVA";"PTB";"Suplente";"876";"0,096"
"";"PR";"CURITIBA";"Vereador";"14.114";"PAULO VICTOR IACZINSKI DA SILVA";"PTB";"Suplente";"800";"0,088"
"";"PR";"CURITIBA";"Vereador";"14.600";"EDSON LUIZ PEREIRA";"PTB";"Suplente";"731";"0,080"
"";"PR";"CURITIBA";"Vereador";"14.444";"ELISIANA PAES LEITE";"PTB";"Suplente";"713";"0,078"
"";"PR";"CURITIBA";"Vereador";"14.707";"PAULO AFONSO ZAINA";"PTB";"Suplente";"642";"0,071"
"";"PR";"CURITIBA";"Vereador";"14.210";"NILSO SEBASTIÃO CHAVES";"PTB";"Suplente";"637";"0,070"
"";"PR";"CURITIBA";"Vereador";"14.141";"JOSE ANTONIO SCHOLZE JUNIOR";"PTB";"Suplente";"636";"0,070"
"";"PR";"CURITIBA";"Vereador";"14.777";"LEANDRO GESIEL ALBANSKI";"PTB";"Suplente";"610";"0,067"
"";"PR";"CURITIBA";"Vereador";"14.055";"JOSE KUDLINSKI";"PTB";"Suplente";"579";"0,064"
"";"PR";"CURITIBA";"Vereador";"14.220";"APARECIDO DOMINGOS DE ARAUJO";"PTB";"Suplente";"577";"0,063"
"";"PR";"CURITIBA";"Vereador";"14.021";"SILVANA CRISTINA DE OLIVEIRA NIEMCZEWSKI";"PTB";"Suplente";"560";"0,062"
"";"PR";"CURITIBA";"Vereador";"14.543";"NEY JOAO RIBAS DE ANDRADE";"PTB";"Suplente";"506";"0,056"
"";"PR";"CURITIBA";"Vereador";"14.033";"ROSNELE CÓRDOVA ARMSTRONG MACIEL";"PTB";"Suplente";"474";"0,052"
"";"PR";"CURITIBA";"Vereador";"14.007";"CECILIO MAÇANEIRO JUNIOR";"PTB";"Suplente";"421";"0,046"
"";"PR";"CURITIBA";"Vereador";"14.863";"WANDERLEY VEIGA";"PTB";"Suplente";"380";"0,042"
"";"PR";"CURITIBA";"Vereador";"14.013";"JOSÉ NIVALDO DE ANDRADE";"PTB";"Suplente";"375";"0,041"
"";"PR";"CURITIBA";"Vereador";"14.787";"MARIO JORGE RIBEIRO";"PTB";"Suplente";"372";"0,041"
"";"PR";"CURITIBA";"Vereador";"14.010";"ROSE MARA BAPTISTA";"PTB";"Suplente";"358";"0,039"
"";"PR";"CURITIBA";"Vereador";"14.100";"MARIA TEREZA DOS SANTOS";"PTB";"Suplente";"349";"0,038"
"";"PR";"CURITIBA";"Vereador";"14.747";"MARCO AURELIO GOMES BOEING";"PTB";"Suplente";"342";"0,038"
"";"PR";"CURITIBA";"Vereador";"14.131";"THIAGO ALEXANDRE BAPTISTA";"PTB";"Suplente";"317";"0,035"
"";"PR";"CURITIBA";"Vereador";"14.012";"OSVALDO BUSKEI";"PTB";"Suplente";"309";"0,034"
"";"PR";"CURITIBA";"Vereador";"14.041";"MIRIAM DE SOUZA PERINE";"PTB";"Suplente";"309";"0,034"
"";"PR";"CURITIBA";"Vereador";"14.214";"GIVAN ANTONIO BARBOSA DE LIMA";"PTB";"Suplente";"295";"0,032"
"";"PR";"CURITIBA";"Vereador";"14.222";"JORGE BATISTA LEME";"PTB";"Suplente";"265";"0,029"
"";"PR";"CURITIBA";"Vereador";"14.122";"EMIDIA APARECIDA DULLA DE SOUZA";"PTB";"Suplente";"257";"0,028"
"";"PR";"CURITIBA";"Vereador";"14.140";"FRANCISCO MARIA";"PTB";"Suplente";"245";"0,027"
"";"PR";"CURITIBA";"Vereador";"14.706";"ORLANDO DE OLIVEIRA FILHO";"PTB";"Suplente";"244";"0,027"
"";"PR";"CURITIBA";"Vereador";"14.014";"NEFI EPIFANIO MACHICADO DE UGARTE";"PTB";"Suplente";"210";"0,023"
"";"PR";"CURITIBA";"Vereador";"14.998";"NESTOR ALVES";"PTB";"Suplente";"156";"0,017"
"";"PR";"CURITIBA";"Vereador";"14.400";"ROBERTO KOTLEVSKI";"PTB";"Suplente";"127";"0,014"
"";"PR";"CURITIBA";"Vereador";"14.040";"MARCOS ROBERTO DA SILVA";"PTB";"Suplente";"121";"0,013"
"";"PR";"CURITIBA";"Vereador";"14.246";"ELIENE GUEDES";"PTB";"Suplente";"116";"0,013"
"";"PR";"CURITIBA";"Vereador";"14.318";"LUIZ SERGIO MUSSULINI";"PTB";"Suplente";"98";"0,011"
"";"PR";"CURITIBA";"Vereador";"14.074";"MERIANE CHIEREGATI JORGE";"PTB";"Suplente";"95";"0,010"
"";"PR";"CURITIBA";"Vereador";"14.243";"GILSSARA RIBEIRO DA FONSECA";"PTB";"Suplente";"71";"0,008"
"";"PR";"CURITIBA";"Vereador";"14.044";"CATHERINE JULIA CARVALHO MARTINS";"PTB";"Suplente";"71";"0,008"
"";"PR";"CURITIBA";"Vereador";"14.008";"VALDECIR MOREIRA DA SILVA";"PTB";"Suplente";"63";"0,007"
"";"PR";"CURITIBA";"Vereador";"14.700";"MARIA DA CONCEIÇÃO MARTINS MISUMI";"PTB";"Suplente";"53";"0,006"
"";"PR";"CURITIBA";"Vereador";"14.450";"HELIO GARCIA VIEIRA";"PTB";"Suplente";"33";"0,004"
"";"PR";"CURITIBA";"Vereador";"14.999";"MARCELO BARONI";"PTB";"Suplente";"5";"0,001"
"";"PR";"CURITIBA";"Vereador";"36.007";"ADAO RODRIGUES VIEIRA";"PTC";"Não eleito";"4.589";"0,504"
"";"PR";"CURITIBA";"Vereador";"36.300";"VANIL BARBARINE";"PTC";"Não eleito";"2.256";"0,248"
"";"PR";"CURITIBA";"Vereador";"36.000";"LUIZ ANTONIO DOS SANTOS CHAVES";"PTC";"Não eleito";"1.104";"0,121"
"";"PR";"CURITIBA";"Vereador";"19.999";"LILIANE MARA PASSOS BARBOZA JOHNSCHER";"PTN";"Não eleito";"981";"0,108"
"";"PR";"CURITIBA";"Vereador";"36.021";"AMARILDO GONÇALVES DA SILVA";"PTC";"Não eleito";"971";"0,107"
"";"PR";"CURITIBA";"Vereador";"36.136";"CLAUDIOMIR MABA";"PTC";"Não eleito";"905";"0,099"
"";"PR";"CURITIBA";"Vereador";"36.156";"APARECIDO REGINALDO MORAIS DOS SANTOS";"PTC";"Não eleito";"809";"0,089"
"";"PR";"CURITIBA";"Vereador";"36.636";"MARCILIO JOSE DE OLIVEIRA";"PTC";"Não eleito";"705";"0,077"
"";"PR";"CURITIBA";"Vereador";"36.100";"VICENTE NUNES DOS SANTOS";"PTC";"Não eleito";"603";"0,066"
"";"PR";"CURITIBA";"Vereador";"19.123";"ELIEZER SILVESTRE DE LARA";"PTN";"Não eleito";"577";"0,063"
"";"PR";"CURITIBA";"Vereador";"36.001";"ANTONIO NEGRAO";"PTC";"Não eleito";"548";"0,060"
"";"PR";"CURITIBA";"Vereador";"36.123";"ADALMO ROMILSON ALVES";"PTC";"Não eleito";"448";"0,049"
"";"PR";"CURITIBA";"Vereador";"19.012";"EDILSON DOMINGUES";"PTN";"Não eleito";"401";"0,044"
"";"PR";"CURITIBA";"Vereador";"36.633";"JOÃO ALVES PEREIRA";"PTC";"Não eleito";"373";"0,041"
"";"PR";"CURITIBA";"Vereador";"19.029";"MARCOS MANOEL DA SILVA";"PTN";"Não eleito";"329";"0,036"
"";"PR";"CURITIBA";"Vereador";"36.036";"MAURICIO BERALDI";"PTC";"Não eleito";"329";"0,036"
"";"PR";"CURITIBA";"Vereador";"19.111";"RUBENEZ DE CAMPOS LEITE";"PTN";"Não eleito";"315";"0,035"
"";"PR";"CURITIBA";"Vereador";"36.013";"ANTONIO NERY RODRIGUES DA SILVA";"PTC";"Não eleito";"303";"0,033"
"";"PR";"CURITIBA";"Vereador";"36.987";"WAGNER BAYER";"PTC";"Não eleito";"284";"0,031"
"";"PR";"CURITIBA";"Vereador";"36.700";"GUARACY PRESTES RIBAS";"PTC";"Não eleito";"260";"0,029"
"";"PR";"CURITIBA";"Vereador";"36.176";"DURVAL NASCIMENTO";"PTC";"Não eleito";"237";"0,026"
"";"PR";"CURITIBA";"Vereador";"36.254";"OSEIAS FURQUIM";"PTC";"Não eleito";"233";"0,026"
"";"PR";"CURITIBA";"Vereador";"19.583";"RODRIGO CESAR BARBATO FABBRIS DA SILVA";"PTN";"Não eleito";"213";"0,023"
"";"PR";"CURITIBA";"Vereador";"36.019";"MANOEL PINTO CORDEIRO";"PTC";"Não eleito";"212";"0,023"
"";"PR";"CURITIBA";"Vereador";"36.280";"JOEL SANTOS MARTINS";"PTC";"Não eleito";"197";"0,022"
"";"PR";"CURITIBA";"Vereador";"19.009";"GERSON LUIZ FERREIRA";"PTN";"Não eleito";"188";"0,021"
"";"PR";"CURITIBA";"Vereador";"36.456";"SILMAR MIRANDA DE SOUZA";"PTC";"Não eleito";"181";"0,020"
"";"PR";"CURITIBA";"Vereador";"36.651";"JOANI ANTONIO MARQUES";"PTC";"Não eleito";"176";"0,019"
"";"PR";"CURITIBA";"Vereador";"19.775";"MARCIO BEDNARZ CUBAS";"PTN";"Não eleito";"174";"0,019"
"";"PR";"CURITIBA";"Vereador";"36.045";"ARILDO GONÇALVES DA SILVA";"PTC";"Não eleito";"172";"0,019"
"";"PR";"CURITIBA";"Vereador";"36.024";"CLEVERSON CAMARGO DE MELO";"PTC";"Não eleito";"168";"0,018"
"";"PR";"CURITIBA";"Vereador";"19.877";"JAMES MOWKA";"PTN";"Não eleito";"163";"0,018"
"";"PR";"CURITIBA";"Vereador";"36.355";"OSNI JOSE RIBEIRO";"PTC";"Não eleito";"158";"0,017"
"";"PR";"CURITIBA";"Vereador";"36.041";"NELSON GOMES ANICETO";"PTC";"Não eleito";"157";"0,017"
"";"PR";"CURITIBA";"Vereador";"36.006";"ERALDO RODRIGUES";"PTC";"Não eleito";"155";"0,017"
"";"PR";"CURITIBA";"Vereador";"36.883";"JANE CRISTINA VALENTIM DE CARVALHO";"PTC";"Não eleito";"143";"0,016"
"";"PR";"CURITIBA";"Vereador";"36.789";"HUMBERTO RABELO PIRES";"PTC";"Não eleito";"131";"0,014"
"";"PR";"CURITIBA";"Vereador";"36.200";"SONIL DANIEL DA SILVA";"PTC";"Não eleito";"128";"0,014"
"";"PR";"CURITIBA";"Vereador";"19.019";"JOSÉ NORLEI DE OLIVEIRA";"PTN";"Não eleito";"126";"0,014"
"";"PR";"CURITIBA";"Vereador";"36.533";"INES SOMARIVA";"PTC";"Não eleito";"114";"0,013"
"";"PR";"CURITIBA";"Vereador";"36.018";"JULIO CESAR DOS SANTOS";"PTC";"Não eleito";"113";"0,012"
"";"PR";"CURITIBA";"Vereador";"36.900";"SEBASTIAO MARTINS DA SILVA";"PTC";"Não eleito";"111";"0,012"
"";"PR";"CURITIBA";"Vereador";"36.002";"JOAO VALMIR ONGARO";"PTC";"Não eleito";"96";"0,011"
"";"PR";"CURITIBA";"Vereador";"36.521";"VALDEMIR ADRIANO SANTI";"PTC";"Não eleito";"87";"0,010"
"";"PR";"CURITIBA";"Vereador";"36.333";"CECILIA DE OLIVEIRA SIMÃO";"PTC";"Não eleito";"79";"0,009"
"";"PR";"CURITIBA";"Vereador";"19.777";"NUNO AMARAL";"PTN";"Não eleito";"74";"0,008"
"";"PR";"CURITIBA";"Vereador";"36.543";"GABRIEL TAVARES";"PTC";"Não eleito";"72";"0,008"
"";"PR";"CURITIBA";"Vereador";"36.999";"ENEAS DOS SANTOS ARAUJO";"PTC";"Não eleito";"68";"0,007"
"";"PR";"CURITIBA";"Vereador";"36.014";"GILDA FERREIRA ZANETTI";"PTC";"Não eleito";"65";"0,007"
"";"PR";"CURITIBA";"Vereador";"19.100";"RAQUEL WELL SENA PEREIRA";"PTN";"Não eleito";"54";"0,006"
"";"PR";"CURITIBA";"Vereador";"19.007";"ELIANA COMIRAN CAMBOIM";"PTN";"Não eleito";"51";"0,006"
"";"PR";"CURITIBA";"Vereador";"36.321";"JOAO PERES COUTINHO";"PTC";"Não eleito";"51";"0,006"
"";"PR";"CURITIBA";"Vereador";"36.131";"ANTONIO CARLOS DOS SANTOS";"PTC";"Não eleito";"51";"0,006"
"";"PR";"CURITIBA";"Vereador";"19.288";"CRISTIAN CARLA CAMARGO";"PTN";"Não eleito";"49";"0,005"
"";"PR";"CURITIBA";"Vereador";"36.236";"ADRIANA POPADIUK";"PTC";"Não eleito";"47";"0,005"
"";"PR";"CURITIBA";"Vereador";"36.025";"SOLANGE ANGELICA TEREBINTO SILVA";"PTC";"Não eleito";"40";"0,004"
"";"PR";"CURITIBA";"Vereador";"36.777";"PAULO SILVA DE MACEDO";"PTC";"Não eleito";"39";"0,004"
"";"PR";"CURITIBA";"Vereador";"36.016";"LEONICE FERREIRA DE BARROS";"PTC";"Não eleito";"35";"0,004"
"";"PR";"CURITIBA";"Vereador";"36.022";"MARLI WENSIBOSKI";"PTC";"Não eleito";"32";"0,004"
"";"PR";"CURITIBA";"Vereador";"36.020";"MARIA SELMA ALVES MENEZES";"PTC";"Não eleito";"31";"0,003"
"";"PR";"CURITIBA";"Vereador";"36.026";"TATIANE CRISTINE GREGOROWICZ LINHARES";"PTC";"Não eleito";"30";"0,003"
"";"PR";"CURITIBA";"Vereador";"36.040";"RUTE BRAVO DOS SANTOS DA SILVA";"PTC";"Não eleito";"11";"0,001"
"";"PR";"CURITIBA";"Vereador";"36.010";"FLAVIA REGINA DE CARVALHO";"PTC";"Não eleito";"6";"0,001"
"";"PR";"CURITIBA";"Vereador";"36.027";"MARILZA DO ROCIO ALVES DALKE";"PTC";"Não eleito";"2";"0,000"
