"CodEleicao";"Município";"Cargo";"Candidato";"Nr";"Partido";"Situação";"QtVN";"%VV";"UF";
"30";"CURITIBA";"Prefeito";"BRUNO CESAR DESCHAMPS MEIRINHO";"50";"PSOL";"Não eleito";"4.464";"0,44";"PR"
"30";"CURITIBA";"Prefeito";"CARLOS ALBERTO RICHA";"45";"PSDB";"Eleito";"778.514";"77,27";"PR"
"30";"CURITIBA";"Prefeito";"CARLOS AUGUSTO MOREIRA JUNIOR";"15";"PMDB";"Não eleito";"19.157";"1,90";"PR"
"30";"CURITIBA";"Prefeito";"FABIO DE SOUZA CAMARGO";"14";"PTB";"Não eleito";"5.366";"0,53";"PR"
"30";"CURITIBA";"Prefeito";"GLEISI HELENA HOFFMANN";"13";"PT";"Não eleito";"183.027";"18,17";"PR"
"30";"CURITIBA";"Prefeito";"LAURO ANTONIO FERNANDES RODRIGUES";"70";"PT do B";"Não eleito";"888";"0,09";"PR"
"30";"CURITIBA";"Prefeito";"MAURICIO PAULO SILVA FURTADO";"43";"PV";"Não eleito";"8.906";"0,88";"PR"
"30";"CURITIBA";"Prefeito";"RICARDO CRACHINESKI GOMYDE";"65";"PC do B";"Não eleito";"7.187";"0,71";"PR"
"30";"CURITIBA";"Vereador";"ABIGAIL R. SILVA";"12002";"PDT";"Suplente";"205";"0,02";"PR"
"30";"CURITIBA";"Vereador";"ABRÃO THOMAS DA SILVA";"27888";"PSDC";"Não eleito";"311";"0,03";"PR"
"30";"CURITIBA";"Vereador";"ACYR HAFEZ JOSÉ FILHO";"45400";"PSDB";"Suplente";"874";"0,09";"PR"
"30";"CURITIBA";"Vereador";"ADALBERTO IDELBRANDO KOVALIK TRZASKACZ";"13800";"PT";"Suplente";"616";"0,06";"PR"
"30";"CURITIBA";"Vereador";"ADAO RODRIGUES VIEIRA";"40609";"PSB";"Suplente";"411";"0,04";"PR"
"30";"CURITIBA";"Vereador";"ADEL LUIZ YOUSSEF";"27789";"PSDC";"Não eleito";"1.112";"0,12";"PR"
"30";"CURITIBA";"Vereador";"ADELCIO GOMES";"25998";"DEM";"Suplente";"276";"0,03";"PR"
"30";"CURITIBA";"Vereador";"ADELCIO LUIZ MARQUES";"20333";"PSC";"Suplente";"112";"0,01";"PR"
"30";"CURITIBA";"Vereador";"ADELINA DIAS DE ARAUJO AVI";"43077";"PV";"Suplente";"84";"0,01";"PR"
"30";"CURITIBA";"Vereador";"ADEMILSON EDSON DOS SANTOS";"65065";"PC do B";"Não eleito";"53";"0,01";"PR"
"30";"CURITIBA";"Vereador";"ADEMIR DE OLIVEIRA BUENO";"45845";"PSDB";"Suplente";"537";"0,06";"PR"
"30";"CURITIBA";"Vereador";"ADEMIR VOLPATO GESSER";"13013";"PT";"Suplente";"1.677";"0,17";"PR"
"30";"CURITIBA";"Vereador";"ADENIVAL ALVES GOMES";"13611";"PT";"Suplente";"3.368";"0,35";"PR"
"30";"CURITIBA";"Vereador";"ADENOR MANOEL DOS REIS";"13200";"PT";"Suplente";"179";"0,02";"PR"
"30";"CURITIBA";"Vereador";"ADILSON ALVES LEANDRO";"20020";"PSC";"Suplente";"2.367";"0,25";"PR"
"30";"CURITIBA";"Vereador";"ADILSON SILVA DOS SANTOS";"20613";"PSC";"Suplente";"263";"0,03";"PR"
"30";"CURITIBA";"Vereador";"ADSON FRANCO CAMPELO";"15610";"PMDB";"Suplente";"331";"0,03";"PR"
"30";"CURITIBA";"Vereador";"AFONSO MAZUR";"13456";"PT";"Suplente";"159";"0,02";"PR"
"30";"CURITIBA";"Vereador";"AGENOR DA SILVA PEREIRA";"17970";"PSL";"Suplente";"1.914";"0,20";"PR"
"30";"CURITIBA";"Vereador";"AGOSTINHO CREPLIVE FILHO";"25300";"DEM";"Suplente";"3.217";"0,33";"PR"
"30";"CURITIBA";"Vereador";"AGOSTINHO LOPES SANTANA";"23444";"PPS";"Suplente";"380";"0,04";"PR"
"30";"CURITIBA";"Vereador";"AIRTON SPECK";"43188";"PV";"Suplente";"427";"0,04";"PR"
"30";"CURITIBA";"Vereador";"ALADIM LUCIANO";"43333";"PV";"Eleito";"6.315";"0,65";"PR"
"30";"CURITIBA";"Vereador";"ALCEU BAPTISTA DE CAMPOS";"31333";"PHS";"Suplente";"337";"0,03";"PR"
"30";"CURITIBA";"Vereador";"ALCIMAR CICERO ARRUDA";"23007";"PPS";"Suplente";"674";"0,07";"PR"
"30";"CURITIBA";"Vereador";"ALCIONE CARATCHUK";"17025";"PSL";"Suplente";"30";"0,00";"PR"
"30";"CURITIBA";"Vereador";"ALDEMIR JOAO MANFRON";"11234";"PP";"Eleito";"10.180";"1,05";"PR"
"30";"CURITIBA";"Vereador";"ALEIDA BITTENCOURT MARTINS";"10610";"PRB";"Suplente";"118";"0,01";"PR"
"30";"CURITIBA";"Vereador";"ALESSANDRA SCHLEDER";"23203";"PPS";"Suplente";"191";"0,02";"PR"
"30";"CURITIBA";"Vereador";"ALESSANDRO ADELINO OTTO";"13513";"PT";"Suplente";"647";"0,07";"PR"
"30";"CURITIBA";"Vereador";"ALEX GOMES DE OLIVEIRA";"17555";"PSL";"Suplente";"29";"0,00";"PR"
"30";"CURITIBA";"Vereador";"ALEX SANDRO PRESTES";"10987";"PRB";"Suplente";"97";"0,01";"PR"
"30";"CURITIBA";"Vereador";"ALEX WINGERT CORREA";"23033";"PPS";"Suplente";"1.879";"0,19";"PR"
"30";"CURITIBA";"Vereador";"ALEXANDRE RIBEIRO DOMINGUES";"10100";"PRB";"Suplente";"84";"0,01";"PR"
"30";"CURITIBA";"Vereador";"ALFEO LUIZ CAPPELLARI";"13511";"PT";"Suplente";"187";"0,02";"PR"
"30";"CURITIBA";"Vereador";"ALFREDO GONEVINO COSTA FILHO";"14141";"PTB";"Não eleito";"8";"0,00";"PR"
"30";"CURITIBA";"Vereador";"ALFREDO HELITON DE LEMOS";"20200";"PSC";"Suplente";"1.073";"0,11";"PR"
"30";"CURITIBA";"Vereador";"ALGACI ORMARIO TULIO";"15140";"PMDB";"Eleito";"4.084";"0,42";"PR"
"30";"CURITIBA";"Vereador";"ALGACIR MILTON OZIR RIBEIRO";"17190";"PSL";"Suplente";"42";"0,00";"PR"
"30";"CURITIBA";"Vereador";"ALICINO SARAIVA";"40656";"PSB";"Suplente";"542";"0,06";"PR"
"30";"CURITIBA";"Vereador";"ALISTELIA GONÇALVES DOS SANTOS";"15255";"PMDB";"Suplente";"117";"0,01";"PR"
"30";"CURITIBA";"Vereador";"ALTAIR DEZONET ATHAYDE";"23315";"PPS";"Suplente";"286";"0,03";"PR"
"30";"CURITIBA";"Vereador";"ALTAMIR MARTINS ALVES";"33221";"PMN";"Não eleito";"49";"0,01";"PR"
"30";"CURITIBA";"Vereador";"ALTEMIR GILSON MARINHO";"25880";"DEM";"Suplente";"784";"0,08";"PR"
"30";"CURITIBA";"Vereador";"ALUS NATAL ALESSI";"11211";"PP";"Suplente";"266";"0,03";"PR"
"30";"CURITIBA";"Vereador";"ALVARO JOSÉ BATISTA";"12292";"PDT";"Suplente";"69";"0,01";"PR"
"30";"CURITIBA";"Vereador";"ÁLVARO LIBER TORRES DE CAMPOS";"43999";"PV";"Suplente";"230";"0,02";"PR"
"30";"CURITIBA";"Vereador";"ALZIMARA CABREIRA FRAGA BACELLAR";"15202";"PMDB";"Suplente";"1.655";"0,17";"PR"
"30";"CURITIBA";"Vereador";"AMABILON DALCOMUNI";"23045";"PPS";"Suplente";"453";"0,05";"PR"
"30";"CURITIBA";"Vereador";"AMADEU LUIZ DE MIO GEARA";"43222";"PV";"Suplente";"2.216";"0,23";"PR"
"30";"CURITIBA";"Vereador";"AMAURI DE JESUS PEREIRA";"27000";"PSDC";"Não eleito";"1.583";"0,16";"PR"
"30";"CURITIBA";"Vereador";"AMILTON ANTUNES DE OLIVEIRA";"43030";"PV";"Suplente";"1.014";"0,11";"PR"
"30";"CURITIBA";"Vereador";"ANA CAROLINA LEINIG SELEME KEHRIG";"43123";"PV";"Suplente";"2.724";"0,28";"PR"
"30";"CURITIBA";"Vereador";"ANA CRISTINA DE SOUZA POLICARPO";"40077";"PSB";"Suplente";"75";"0,01";"PR"
"30";"CURITIBA";"Vereador";"ANA MARIA INÁCIO LÚCIO";"40772";"PSB";"Suplente";"1";"0,00";"PR"
"30";"CURITIBA";"Vereador";"ANA PAULA MORAES BADARO RUIZ";"25500";"DEM";"Suplente";"1.141";"0,12";"PR"
"30";"CURITIBA";"Vereador";"ANA REGINA DE CARVALHO PINTO";"40255";"PSB";"Suplente";"1.174";"0,12";"PR"
"30";"CURITIBA";"Vereador";"ANA TERESA MORAES DOS SANTOS";"33633";"PMN";"Não eleito";"739";"0,08";"PR"
"30";"CURITIBA";"Vereador";"ANATÓLIO NOVAES DA SILVA";"12136";"PDT";"Suplente";"192";"0,02";"PR"
"30";"CURITIBA";"Vereador";"ANDRÁS KAROLY VÖRÖS";"43000";"PV";"Suplente";"240";"0,02";"PR"
"30";"CURITIBA";"Vereador";"ANDRE GERONIMO LAZAROTTO";"45789";"PSDB";"Suplente";"1.148";"0,12";"PR"
"30";"CURITIBA";"Vereador";"ANDRE GIRARDI";"12020";"PDT";"Suplente";"2.500";"0,26";"PR"
"30";"CURITIBA";"Vereador";"ANDRÉ LUIZ MACIAS";"65021";"PC do B";"Não eleito";"2.015";"0,21";"PR"
"30";"CURITIBA";"Vereador";"ANDRE RAPHY PARUCKER E SILVA FRITZ";"70070";"PT do B";"Não eleito";"103";"0,01";"PR"
"30";"CURITIBA";"Vereador";"ANGELA MARIA FLORES CORREA";"23330";"PPS";"Suplente";"154";"0,02";"PR"
"30";"CURITIBA";"Vereador";"ANGELO BATISTA";"11111";"PP";"Suplente";"4.650";"0,48";"PR"
"30";"CURITIBA";"Vereador";"ANÍSIO LUIZ MOHR";"40555";"PSB";"Suplente";"1.301";"0,13";"PR"
"30";"CURITIBA";"Vereador";"ANSELMO MOCHI";"12360";"PDT";"Suplente";"28";"0,00";"PR"
"30";"CURITIBA";"Vereador";"ANTONIO ATILIO GOMES";"15106";"PMDB";"Suplente";"154";"0,02";"PR"
"30";"CURITIBA";"Vereador";"ANTONIO BRASIL DOS SANTOS";"45688";"PSDB";"Suplente";"477";"0,05";"PR"
"30";"CURITIBA";"Vereador";"ANTONIO CARLOS DA SILVA FIGUEIREDO";"43200";"PV";"Suplente";"1.698";"0,18";"PR"
"30";"CURITIBA";"Vereador";"ANTONIO CARLOS DO CARMO";"12300";"PDT";"Suplente";"4.645";"0,48";"PR"
"30";"CURITIBA";"Vereador";"ANTONIO CARLOS DO NASCIMENTO";"43011";"PV";"Suplente";"1.381";"0,14";"PR"
"30";"CURITIBA";"Vereador";"ANTONIO CARLOS MAGNO";"20515";"PSC";"Suplente";"236";"0,02";"PR"
"30";"CURITIBA";"Vereador";"ANTONIO DE SOUZA";"17657";"PSL";"Suplente";"503";"0,05";"PR"
"30";"CURITIBA";"Vereador";"ANTONIO KAMISIMA";"25613";"DEM";"Suplente";"346";"0,04";"PR"
"30";"CURITIBA";"Vereador";"ANTONIO LOURIVAL MELINK";"19019";"PTN";"Suplente";"274";"0,03";"PR"
"30";"CURITIBA";"Vereador";"ANTONIO MAURÍCIO BUENO";"10999";"PRB";"Suplente";"248";"0,03";"PR"
"30";"CURITIBA";"Vereador";"ANTONIO NERY RODRIGUES DA SILVA";"33003";"PMN";"Não eleito";"341";"0,04";"PR"
"30";"CURITIBA";"Vereador";"ANTONIO PROCOPIAK NETO";"27027";"PSDC";"Não eleito";"1.388";"0,14";"PR"
"30";"CURITIBA";"Vereador";"APARECIDA NEIDE VIEIRA MOTA";"11345";"PP";"Suplente";"242";"0,03";"PR"
"30";"CURITIBA";"Vereador";"APARECIDO CUSTÓDIO DA SILVA";"22660";"PR";"Suplente";"3.395";"0,35";"PR"
"30";"CURITIBA";"Vereador";"APARECIDO DA CONCEIÇÃO";"27456";"PSDC";"Não eleito";"209";"0,02";"PR"
"30";"CURITIBA";"Vereador";"APARECIDO MASSARANDUBA DE ALMEIDA";"31111";"PHS";"Suplente";"110";"0,01";"PR"
"30";"CURITIBA";"Vereador";"ARAMIS CORDEIRO";"17156";"PSL";"Suplente";"699";"0,07";"PR"
"30";"CURITIBA";"Vereador";"ARGENTIL BARBOSA";"27002";"PSDC";"Não eleito";"255";"0,03";"PR"
"30";"CURITIBA";"Vereador";"ARILSON DE FREITAS";"11200";"PP";"Suplente";"774";"0,08";"PR"
"30";"CURITIBA";"Vereador";"ARISTIDES SALVADOR PALAZZO";"10345";"PRB";"Suplente";"62";"0,01";"PR"
"30";"CURITIBA";"Vereador";"ARIVALDO MENDES MIRANDA";"70456";"PT do B";"Não eleito";"107";"0,01";"PR"
"30";"CURITIBA";"Vereador";"ARMANDO BEDENE JUNIOR";"44333";"PRP";"Suplente";"456";"0,05";"PR"
"30";"CURITIBA";"Vereador";"ARMANDO OBLADEN FILHO";"43002";"PV";"Suplente";"143";"0,01";"PR"
"30";"CURITIBA";"Vereador";"ARNALDO MAZZA BORGES";"33005";"PMN";"Não eleito";"132";"0,01";"PR"
"30";"CURITIBA";"Vereador";"ARNO EMILIO GERSTENBERGER JUNIOR";"65777";"PC do B";"Não eleito";"149";"0,02";"PR"
"30";"CURITIBA";"Vereador";"AUGUSTINHO PASKO";"23723";"PPS";"Suplente";"477";"0,05";"PR"
"30";"CURITIBA";"Vereador";"ÁUREA DO VALLE LEMOS LIOTTO";"45645";"PSDB";"Suplente";"176";"0,02";"PR"
"30";"CURITIBA";"Vereador";"AURÉLIO GARCIA PALHARES";"20001";"PSC";"Suplente";"259";"0,03";"PR"
"30";"CURITIBA";"Vereador";"AZEVIR DIOGO DOS SANTOS";"10555";"PRB";"Suplente";"92";"0,01";"PR"
"30";"CURITIBA";"Vereador";"BEATRIZ DO ROCIO ANDREGUETTO ORASMO";"11711";"PP";"Suplente";"502";"0,05";"PR"
"30";"CURITIBA";"Vereador";"BEATRIZ FREIRE RODRIGUES";"10510";"PRB";"Suplente";"286";"0,03";"PR"
"30";"CURITIBA";"Vereador";"BENEDITO LIMA";"43198";"PV";"Suplente";"1.270";"0,13";"PR"
"30";"CURITIBA";"Vereador";"BENJAMIN PEREZ MAIA";"13222";"PT";"Suplente";"1.993";"0,21";"PR"
"30";"CURITIBA";"Vereador";"BERQUELEI MATHEUS COSTA";"33041";"PMN";"Não eleito";"245";"0,03";"PR"
"30";"CURITIBA";"Vereador";"BILAL BRAYTIH";"36000";"PTC";"Suplente";"197";"0,02";"PR"
"30";"CURITIBA";"Vereador";"BRUNO VANHONI";"13333";"PT";"Suplente";"2.171";"0,22";"PR"
"30";"CURITIBA";"Vereador";"BRUNO VILLANI SOUZA";"43315";"PV";"Suplente";"977";"0,10";"PR"
"30";"CURITIBA";"Vereador";"CARLA DUARTE FERREIRA";"33825";"PMN";"Não eleito";"297";"0,03";"PR"
"30";"CURITIBA";"Vereador";"CARLOS ALBERTO DAGUIS LIMA";"28840";"PRTB";"Não eleito";"844";"0,09";"PR"
"30";"CURITIBA";"Vereador";"CARLOS ALBERTO EGGER RODRIGUES";"20600";"PSC";"Suplente";"180";"0,02";"PR"
"30";"CURITIBA";"Vereador";"CARLOS ALBERTO MACHADO";"20420";"PSC";"Suplente";"63";"0,01";"PR"
"30";"CURITIBA";"Vereador";"CARLOS ALBERTO MAIA";"65999";"PC do B";"Não eleito";"248";"0,03";"PR"
"30";"CURITIBA";"Vereador";"CARLOS ALBERTO SCHMIDT";"27364";"PSDC";"Não eleito";"168";"0,02";"PR"
"30";"CURITIBA";"Vereador";"CARLOS DO REGO ALMEIDA FILHO";"40456";"PSB";"Suplente";"4.968";"0,51";"PR"
"30";"CURITIBA";"Vereador";"CARLOS EDSON SCHNEIDER";"28060";"PRTB";"Não eleito";"138";"0,01";"PR"
"30";"CURITIBA";"Vereador";"CARLOS EDUARDO DE OLIVEIRA BRASIL";"40041";"PSB";"Suplente";"735";"0,08";"PR"
"30";"CURITIBA";"Vereador";"CARLOS EDUARDO LAURENTINO";"20655";"PSC";"Suplente";"95";"0,01";"PR"
"30";"CURITIBA";"Vereador";"CARLOS HENRIQUE SÁ DE FERRANTE";"44123";"PRP";"Eleito";"3.888";"0,40";"PR"
"30";"CURITIBA";"Vereador";"CARLOS HUGO REYES";"43014";"PV";"Suplente";"275";"0,03";"PR"
"30";"CURITIBA";"Vereador";"CARLOS JACOMINI FIDELIS";"27200";"PSDC";"Não eleito";"130";"0,01";"PR"
"30";"CURITIBA";"Vereador";"CARLOS ROBERTO ALVES";"33777";"PMN";"Não eleito";"750";"0,08";"PR"
"30";"CURITIBA";"Vereador";"CARLOS ROBERTO CARNEIRO";"11456";"PP";"Suplente";"1.775";"0,18";"PR"
"30";"CURITIBA";"Vereador";"CARLOS ROBERTO MISCOLI";"27001";"PSDC";"Não eleito";"1.774";"0,18";"PR"
"30";"CURITIBA";"Vereador";"CARMEN CHAVES SOARES";"40160";"PSB";"Suplente";"218";"0,02";"PR"
"30";"CURITIBA";"Vereador";"CATARINA TAVARES DA SILVA";"15815";"PMDB";"Suplente";"1.531";"0,16";"PR"
"30";"CURITIBA";"Vereador";"CAXIAS RIBAS";"23113";"PPS";"Suplente";"1.797";"0,19";"PR"
"30";"CURITIBA";"Vereador";"CÉLIO ANDRADE DA SILVA";"20777";"PSC";"Suplente";"580";"0,06";"PR"
"30";"CURITIBA";"Vereador";"CELIO DAS NEVES";"65123";"PC do B";"Não eleito";"2.565";"0,27";"PR"
"30";"CURITIBA";"Vereador";"CELSO FELIPE DE ARAUJO";"17456";"PSL";"Suplente";"1.227";"0,13";"PR"
"30";"CURITIBA";"Vereador";"CELSO GARCIA DA SILVA";"12125";"PDT";"Suplente";"576";"0,06";"PR"
"30";"CURITIBA";"Vereador";"CELSO TORQUATO";"45000";"PSDB";"Eleito";"9.115";"0,94";"PR"
"30";"CURITIBA";"Vereador";"CENIRA TRINDADE DOS  SANTOS";"27137";"PSDC";"Não eleito";"229";"0,02";"PR"
"30";"CURITIBA";"Vereador";"CESAR ALBERTO TAVARES DE OLIVEIRA";"14156";"PTB";"Não eleito";"483";"0,05";"PR"
"30";"CURITIBA";"Vereador";"CESÁRIO RICARDO MARCONCIN";"15006";"PMDB";"Suplente";"182";"0,02";"PR"
"30";"CURITIBA";"Vereador";"CESLAU ELIAS MAKOVISKI";"10003";"PRB";"Suplente";"197";"0,02";"PR"
"30";"CURITIBA";"Vereador";"CEZAR ROSSI";"36123";"PTC";"Suplente";"344";"0,04";"PR"
"30";"CURITIBA";"Vereador";"CHARLES FRIEDRICH JUNIOR";"33888";"PMN";"Não eleito";"238";"0,02";"PR"
"30";"CURITIBA";"Vereador";"CHARLUAN GAMBALLE CORREIA";"43020";"PV";"Suplente";"575";"0,06";"PR"
"30";"CURITIBA";"Vereador";"CHRISTIANE ELIZABETH RIGHETTO";"50027";"PSOL";"Não eleito";"1.211";"0,13";"PR"
"30";"CURITIBA";"Vereador";"CIBELE ANTONIA KARAM DOS SANTOS BOND";"45008";"PSDB";"Suplente";"407";"0,04";"PR"
"30";"CURITIBA";"Vereador";"CLAUDIA REGINA MACHADO";"23300";"PPS";"Suplente";"739";"0,08";"PR"
"30";"CURITIBA";"Vereador";"CLAUDINEI CESAR KLOSS";"43113";"PV";"Suplente";"208";"0,02";"PR"
"30";"CURITIBA";"Vereador";"CLAUDINEI DE NOVAES";"65133";"PC do B";"Não eleito";"341";"0,04";"PR"
"30";"CURITIBA";"Vereador";"CLAUDINEY CIAMPI";"40412";"PSB";"Suplente";"516";"0,05";"PR"
"30";"CURITIBA";"Vereador";"CLAUDIO ANTONIO OKULSKI MARIANO";"28888";"PRTB";"Não eleito";"53";"0,01";"PR"
"30";"CURITIBA";"Vereador";"CLAUDIO DE SOUZA SANTOS";"14100";"PTB";"Não eleito";"910";"0,09";"PR"
"30";"CURITIBA";"Vereador";"CLÁUDIO JUSTINO SPANHOL";"20700";"PSC";"Suplente";"955";"0,10";"PR"
"30";"CURITIBA";"Vereador";"CLAUDOMIRO NOVATZKI";"12133";"PDT";"Suplente";"169";"0,02";"PR"
"30";"CURITIBA";"Vereador";"CLEINTON CALDEIRA";"23111";"PPS";"Suplente";"1.018";"0,11";"PR"
"30";"CURITIBA";"Vereador";"CLEMENTINO TOMAZ VIEIRA";"15547";"PMDB";"Suplente";"3.424";"0,35";"PR"
"30";"CURITIBA";"Vereador";"CLEVERSON FRAGOSO";"45222";"PSDB";"Suplente";"2.444";"0,25";"PR"
"30";"CURITIBA";"Vereador";"CLEVERSON FRANK TOMAZ";"43888";"PV";"Suplente";"391";"0,04";"PR"
"30";"CURITIBA";"Vereador";"COLATINO DE CASTRO NETO";"14567";"PTB";"Não eleito";"7";"0,00";"PR"
"30";"CURITIBA";"Vereador";"CRISTIAM GABRIEL";"12400";"PDT";"Suplente";"527";"0,05";"PR"
"30";"CURITIBA";"Vereador";"CRISTIANE FERRER MARGARIDI";"28228";"PRTB";"Não eleito";"125";"0,01";"PR"
"30";"CURITIBA";"Vereador";"CRISTIANO BATISTA DE JESUS";"20520";"PSC";"Suplente";"520";"0,05";"PR"
"30";"CURITIBA";"Vereador";"DALTON RENAN DE FRANÇA";"11222";"PP";"Suplente";"681";"0,07";"PR"
"30";"CURITIBA";"Vereador";"DANIEL DOMINGUES DOS SANTOS";"25970";"DEM";"Suplente";"658";"0,07";"PR"
"30";"CURITIBA";"Vereador";"DARCIO ARMANDO BARRICHELO";"27010";"PSDC";"Não eleito";"524";"0,05";"PR"
"30";"CURITIBA";"Vereador";"DARCY ANDRADE DOS SANTOS";"23999";"PPS";"Suplente";"566";"0,06";"PR"
"30";"CURITIBA";"Vereador";"DARIO CAMARGO JUNIOR";"43111";"PV";"Suplente";"389";"0,04";"PR"
"30";"CURITIBA";"Vereador";"DAURA DA CONCEIÇÃO PINTO CARNEIRO";"13070";"PT";"Suplente";"217";"0,02";"PR"
"30";"CURITIBA";"Vereador";"DAVI COSTA DE MATOS";"33213";"PMN";"Não eleito";"1.191";"0,12";"PR"
"30";"CURITIBA";"Vereador";"DAYSE MAY RICCIO";"43334";"PV";"Suplente";"302";"0,03";"PR"
"30";"CURITIBA";"Vereador";"DELCIO AUGUSTO RASERA";"28102";"PRTB";"Não eleito";"436";"0,05";"PR"
"30";"CURITIBA";"Vereador";"DELSO MORETTI FILHO";"14400";"PTB";"Não eleito";"141";"0,01";"PR"
"30";"CURITIBA";"Vereador";"DENILSON PIRES DA SILVA";"25825";"DEM";"Eleito";"6.439";"0,67";"PR"
"30";"CURITIBA";"Vereador";"DENIS CAETANO";"20400";"PSC";"Suplente";"67";"0,01";"PR"
"30";"CURITIBA";"Vereador";"DENISE MOREIRA MAY";"25555";"DEM";"Suplente";"1.236";"0,13";"PR"
"30";"CURITIBA";"Vereador";"DENISE NOHAMA";"43051";"PV";"Suplente";"213";"0,02";"PR"
"30";"CURITIBA";"Vereador";"DEOCAR ANTUNES DE LIMA";"15190";"PMDB";"Suplente";"2.693";"0,28";"PR"
"30";"CURITIBA";"Vereador";"DEVANSIR RODRIGUES";"10013";"PRB";"Suplente";"79";"0,01";"PR"
"30";"CURITIBA";"Vereador";"DINARTE RODRIGUES DA SILVA";"28078";"PRTB";"Não eleito";"61";"0,01";"PR"
"30";"CURITIBA";"Vereador";"DIONE CAETANA GOMES DO NASCIMENTO";"40415";"PSB";"Suplente";"77";"0,01";"PR"
"30";"CURITIBA";"Vereador";"DIRCEU DOMINGO FERNANDES";"40933";"PSB";"Suplente";"718";"0,07";"PR"
"30";"CURITIBA";"Vereador";"DIRCEU MOREIRA CARRIEL";"17100";"PSL";"Eleito";"2.593";"0,27";"PR"
"30";"CURITIBA";"Vereador";"DIVINA ORTILIANO DOS SANTOS";"40224";"PSB";"Suplente";"471";"0,05";"PR"
"30";"CURITIBA";"Vereador";"DIVINO APARECIDO DOS SANTOS";"45005";"PSDB";"Suplente";"374";"0,04";"PR"
"30";"CURITIBA";"Vereador";"DIVINO MARINHO DE OLIVEIRA";"17650";"PSL";"Suplente";"1.001";"0,10";"PR"
"30";"CURITIBA";"Vereador";"DJALMA DE OLIVEIRA PEDRO";"15215";"PMDB";"Suplente";"252";"0,03";"PR"
"30";"CURITIBA";"Vereador";"DOATICO ALCIDES ALVES DOS SANTOS";"15015";"PMDB";"Suplente";"1.538";"0,16";"PR"
"30";"CURITIBA";"Vereador";"DONIZETE APARECIDO RORIZ";"13021";"PT";"Suplente";"103";"0,01";"PR"
"30";"CURITIBA";"Vereador";"DORILDA COMELI";"12011";"PDT";"Suplente";"204";"0,02";"PR"
"30";"CURITIBA";"Vereador";"DORVAL AUGUSTO LUIZ DOS SANTOS";"13020";"PT";"Suplente";"47";"0,00";"PR"
"30";"CURITIBA";"Vereador";"DOURIVAL BRAZ SIMÕES";"12111";"PDT";"Suplente";"500";"0,05";"PR"
"30";"CURITIBA";"Vereador";"EBERTON CHEUTCHUK";"27666";"PSDC";"Não eleito";"90";"0,01";"PR"
"30";"CURITIBA";"Vereador";"EDELCIO PEDRO JACOMASSI";"25002";"DEM";"Suplente";"678";"0,07";"PR"
"30";"CURITIBA";"Vereador";"EDER DE SOUZA";"43765";"PV";"Suplente";"185";"0,02";"PR"
"30";"CURITIBA";"Vereador";"EDISON CARNEIRO RODRIGUES";"20320";"PSC";"Suplente";"191";"0,02";"PR"
"30";"CURITIBA";"Vereador";"EDISON TADEU DE ALMEIDA";"43314";"PV";"Suplente";"351";"0,04";"PR"
"30";"CURITIBA";"Vereador";"EDMIR DA SILVA";"11311";"PP";"Suplente";"280";"0,03";"PR"
"30";"CURITIBA";"Vereador";"EDNA CAMILO DANTAS";"13015";"PT";"Suplente";"1.764";"0,18";"PR"
"30";"CURITIBA";"Vereador";"EDSON BATISTA BELO";"43048";"PV";"Suplente";"82";"0,01";"PR"
"30";"CURITIBA";"Vereador";"EDSON DA VEIGA";"10421";"PRB";"Suplente";"368";"0,04";"PR"
"30";"CURITIBA";"Vereador";"EDSON DE OLIVEIRA BUENO";"17007";"PSL";"Suplente";"176";"0,02";"PR"
"30";"CURITIBA";"Vereador";"EDSON IRAPUÃ DE LARA";"36036";"PTC";"Suplente";"49";"0,01";"PR"
"30";"CURITIBA";"Vereador";"EDSON JOSÉ FELTRIN";"45545";"PSDB";"Suplente";"1.821";"0,19";"PR"
"30";"CURITIBA";"Vereador";"EDSON LUIZ CESAR DE OLIVEIRA";"25170";"DEM";"Suplente";"43";"0,00";"PR"
"30";"CURITIBA";"Vereador";"EDSON LUIZ PEREIRA";"23600";"PPS";"Suplente";"619";"0,06";"PR"
"30";"CURITIBA";"Vereador";"EDSON NAVARRO TASSO";"15126";"PMDB";"Suplente";"170";"0,02";"PR"
"30";"CURITIBA";"Vereador";"EDSON PEREIRA RODRIGUES";"45300";"PSDB";"Suplente";"4.697";"0,49";"PR"
"30";"CURITIBA";"Vereador";"EDUARDO CANCELIER";"12440";"PDT";"Suplente";"147";"0,02";"PR"
"30";"CURITIBA";"Vereador";"EDUARDO MACHADO PEREIRA";"45333";"PSDB";"Suplente";"1.680";"0,17";"PR"
"30";"CURITIBA";"Vereador";"EDVALDO FRANCISCO ALVES";"25250";"DEM";"Suplente";"760";"0,08";"PR"
"30";"CURITIBA";"Vereador";"EDVALDO MOREIRA DE SINTRA";"27333";"PSDC";"Não eleito";"282";"0,03";"PR"
"30";"CURITIBA";"Vereador";"EDVALDO TEIXEIRA SOARES";"14101";"PTB";"Não eleito";"476";"0,05";"PR"
"30";"CURITIBA";"Vereador";"EDVILSON PEREIRA";"27414";"PSDC";"Não eleito";"203";"0,02";"PR"
"30";"CURITIBA";"Vereador";"EDVIN PIO RIGOTTI";"23280";"PPS";"Suplente";"1.245";"0,13";"PR"
"30";"CURITIBA";"Vereador";"ELCIO APARECIDO PERIN";"12007";"PDT";"Suplente";"392";"0,04";"PR"
"30";"CURITIBA";"Vereador";"ELCIO JOSÉ PEREIRA";"23234";"PPS";"Suplente";"2.531";"0,26";"PR"
"30";"CURITIBA";"Vereador";"ELEAZAR CORREA BUENO";"33111";"PMN";"Não eleito";"508";"0,05";"PR"
"30";"CURITIBA";"Vereador";"ELEQUESANDRA PINHEIRO DE ALMEIDA";"11122";"PP";"Suplente";"9";"0,00";"PR"
"30";"CURITIBA";"Vereador";"ELI GOMES RANGEL";"20999";"PSC";"Suplente";"175";"0,02";"PR"
"30";"CURITIBA";"Vereador";"ELI MAGRI REICHLE";"28328";"PRTB";"Não eleito";"211";"0,02";"PR"
"30";"CURITIBA";"Vereador";"ELIANE APARECIDA KRAUSE";"17170";"PSL";"Suplente";"61";"0,01";"PR"
"30";"CURITIBA";"Vereador";"ELIAS LIMA DE SOUZA";"27555";"PSDC";"Não eleito";"42";"0,00";"PR"
"30";"CURITIBA";"Vereador";"ELIAS RIBEIRO DA SILVA";"33678";"PMN";"Não eleito";"136";"0,01";"PR"
"30";"CURITIBA";"Vereador";"ELIAS VIDAL";"11608";"PP";"Suplente";"3.170";"0,33";"PR"
"30";"CURITIBA";"Vereador";"ELIETE FERRAZ SABINO";"45132";"PSDB";"Suplente";"36";"0,00";"PR"
"30";"CURITIBA";"Vereador";"ELISEU MARCOLINO DA SILVA";"27070";"PSDC";"Não eleito";"70";"0,01";"PR"
"30";"CURITIBA";"Vereador";"ELIZABETE INÊS IGNACHEWSKI";"33200";"PMN";"Não eleito";"40";"0,00";"PR"
"30";"CURITIBA";"Vereador";"ELIZABETH BARROZO ANTUNES";"12200";"PDT";"Suplente";"69";"0,01";"PR"
"30";"CURITIBA";"Vereador";"ELIZABETH MARIA CARDOSO DA MOTTA";"33033";"PMN";"Não eleito";"320";"0,03";"PR"
"30";"CURITIBA";"Vereador";"ELIZABETH MARQUES CARDOSO";"27300";"PSDC";"Não eleito";"63";"0,01";"PR"
"30";"CURITIBA";"Vereador";"ELIZEU DOS SANTOS PELEGRINO";"43043";"PV";"Suplente";"586";"0,06";"PR"
"30";"CURITIBA";"Vereador";"ELLA PATRICIA TEIXEIRA VICENTE";"28000";"PRTB";"Não eleito";"140";"0,01";"PR"
"30";"CURITIBA";"Vereador";"ELZA FRANCISCA JAIME";"12800";"PDT";"Suplente";"248";"0,03";"PR"
"30";"CURITIBA";"Vereador";"ELZA SANT ANA DE LIMA DEMBISKI";"40014";"PSB";"Suplente";"700";"0,07";"PR"
"30";"CURITIBA";"Vereador";"EMERSON GILBERTO PALHARES";"15789";"PMDB";"Suplente";"500";"0,05";"PR"
"30";"CURITIBA";"Vereador";"EMERSON ISRAEL BASSO";"10171";"PRB";"Suplente";"197";"0,02";"PR"
"30";"CURITIBA";"Vereador";"EMERSON RODRIGUES DO PRADO";"45245";"PSDB";"Eleito";"5.774";"0,60";"PR"
"30";"CURITIBA";"Vereador";"EMERSON SILVERIO DA SILVA";"11720";"PP";"Suplente";"1.367";"0,14";"PR"
"30";"CURITIBA";"Vereador";"ENESTOR MARÇAL DA SILVA";"10244";"PRB";"Suplente";"240";"0,02";"PR"
"30";"CURITIBA";"Vereador";"ERAILTON BINA";"28028";"PRTB";"Não eleito";"542";"0,06";"PR"
"30";"CURITIBA";"Vereador";"ERIVAN PASSOS DA SILVA";"28378";"PRTB";"Não eleito";"99";"0,01";"PR"
"30";"CURITIBA";"Vereador";"ERIVELTON APARECIDO LOYOLA";"23277";"PPS";"Suplente";"660";"0,07";"PR"
"30";"CURITIBA";"Vereador";"ERNESTO APARECIDO DOS SANTOS";"33222";"PMN";"Não eleito";"403";"0,04";"PR"
"30";"CURITIBA";"Vereador";"EUDO FEREIRA DE AZEVEDO";"20800";"PSC";"Suplente";"854";"0,09";"PR"
"30";"CURITIBA";"Vereador";"EUGENIO ANDREOLA";"13373";"PT";"Suplente";"444";"0,05";"PR"
"30";"CURITIBA";"Vereador";"EUNICE DO CARMO BINA";"28029";"PRTB";"Não eleito";"1";"0,00";"PR"
"30";"CURITIBA";"Vereador";"EUNICE ROSA DUTRA";"43127";"PV";"Suplente";"17";"0,00";"PR"
"30";"CURITIBA";"Vereador";"FABIANO CALDERON";"25397";"DEM";"Suplente";"106";"0,01";"PR"
"30";"CURITIBA";"Vereador";"FABIANO DOS SANTOS";"13300";"PT";"Suplente";"2.329";"0,24";"PR"
"30";"CURITIBA";"Vereador";"FABIANO MACHADO DA SILVA";"65565";"PC do B";"Não eleito";"291";"0,03";"PR"
"30";"CURITIBA";"Vereador";"FABIO ANTONIO DA SILVA";"14010";"PTB";"Não eleito";"69";"0,01";"PR"
"30";"CURITIBA";"Vereador";"FÁBIO EDUARDO GAUZA";"45455";"PSDB";"Suplente";"325";"0,03";"PR"
"30";"CURITIBA";"Vereador";"FABIO HERNANDEZ RODRIGUES DE ARAUJO";"13190";"PT";"Suplente";"693";"0,07";"PR"
"30";"CURITIBA";"Vereador";"FABIO SEUCHI NOGUCHI";"33789";"PMN";"Não eleito";"891";"0,09";"PR"
"30";"CURITIBA";"Vereador";"FELIPE FAGANELLO BAHIA";"12600";"PDT";"Suplente";"60";"0,01";"PR"
"30";"CURITIBA";"Vereador";"FELIPE RODRIGO DA CONCEIÇÃO";"45111";"PSDB";"Suplente";"222";"0,02";"PR"
"30";"CURITIBA";"Vereador";"FERMINO ORTIZ";"10110";"PRB";"Suplente";"237";"0,02";"PR"
"30";"CURITIBA";"Vereador";"FERNANDO CESAR STENGRAT";"23236";"PPS";"Suplente";"505";"0,05";"PR"
"30";"CURITIBA";"Vereador";"FERNANDO ENGEL";"31013";"PHS";"Suplente";"84";"0,01";"PR"
"30";"CURITIBA";"Vereador";"FERNANDO JOSE RODRIGUES DE OLIVEIRA";"15615";"PMDB";"Suplente";"1.556";"0,16";"PR"
"30";"CURITIBA";"Vereador";"FERNANDO MONTEIRO REGINATO";"17757";"PSL";"Suplente";"232";"0,02";"PR"
"30";"CURITIBA";"Vereador";"FLAVIO MARCELO FERREIRA";"23333";"PPS";"Suplente";"302";"0,03";"PR"
"30";"CURITIBA";"Vereador";"FLÁVIO VILMAR DA SILVA";"12121";"PDT";"Suplente";"234";"0,02";"PR"
"30";"CURITIBA";"Vereador";"FLORESVALDO GONÇALVES RIBEIRO";"45020";"PSDB";"Suplente";"924";"0,10";"PR"
"30";"CURITIBA";"Vereador";"FRANCISCO ASSIS RIBEIRO BATISTA";"27600";"PSDC";"Não eleito";"130";"0,01";"PR"
"30";"CURITIBA";"Vereador";"FRANCISCO CARLOS DOS SANTOS GARCEZ";"45145";"PSDB";"Eleito";"10.220";"1,06";"PR"
"30";"CURITIBA";"Vereador";"FRANCISCO COSTA FILHO";"45606";"PSDB";"Suplente";"4.260";"0,44";"PR"
"30";"CURITIBA";"Vereador";"FRANCISCO DE ASSIS FERREIRA";"43038";"PV";"Suplente";"721";"0,07";"PR"
"30";"CURITIBA";"Vereador";"FRANCISCO DE ASSIS FERREIRA DA COSTA";"14569";"PTB";"Não eleito";"432";"0,04";"PR"
"30";"CURITIBA";"Vereador";"FRANCISCO DE SALES PEREIRA";"10050";"PRB";"Suplente";"216";"0,02";"PR"
"30";"CURITIBA";"Vereador";"FRANCISCO DOS SANTOS";"17857";"PSL";"Suplente";"234";"0,02";"PR"
"30";"CURITIBA";"Vereador";"FRANCISCO FLÁVIO DE OLIVEIRA";"15112";"PMDB";"Suplente";"2.424";"0,25";"PR"
"30";"CURITIBA";"Vereador";"FRANCISCO LEITE";"15123";"PMDB";"Suplente";"2.464";"0,26";"PR"
"30";"CURITIBA";"Vereador";"FRANCISCO MANOEL DE ASSIS FRANÇA";"65656";"PC do B";"Não eleito";"609";"0,06";"PR"
"30";"CURITIBA";"Vereador";"FRANCISCO MOREIRA DE LIMA JUNIOR";"27123";"PSDC";"Não eleito";"145";"0,02";"PR"
"30";"CURITIBA";"Vereador";"FRANCISCO OSVALDO SCHEFFER";"17017";"PSL";"Suplente";"161";"0,02";"PR"
"30";"CURITIBA";"Vereador";"FRANCISCO WALTER DE SOUZA FILHO";"20080";"PSC";"Suplente";"466";"0,05";"PR"
"30";"CURITIBA";"Vereador";"GEILSON CLAUDINO PINHEIRO";"43633";"PV";"Suplente";"247";"0,03";"PR"
"30";"CURITIBA";"Vereador";"GELSON ANTONIO MACHADO";"43677";"PV";"Suplente";"401";"0,04";"PR"
"30";"CURITIBA";"Vereador";"GENIVALDO JOSÉ DOS SANTOS";"25025";"DEM";"Suplente";"5.741";"0,59";"PR"
"30";"CURITIBA";"Vereador";"GEONISIO CESAR MARINHO";"17789";"PSL";"Suplente";"995";"0,10";"PR"
"30";"CURITIBA";"Vereador";"GEORGE GOBETTI";"25925";"DEM";"Suplente";"281";"0,03";"PR"
"30";"CURITIBA";"Vereador";"GEOVANE ALVES FERNADES";"17333";"PSL";"Suplente";"1.522";"0,16";"PR"
"30";"CURITIBA";"Vereador";"GERALDO CHAVES";"10010";"PRB";"Suplente";"315";"0,03";"PR"
"30";"CURITIBA";"Vereador";"GERALDO CLAITO BOBATO";"25673";"DEM";"Suplente";"5.333";"0,55";"PR"
"30";"CURITIBA";"Vereador";"GERALDO GONÇALVES DOS SANTOS";"25100";"DEM";"Suplente";"1.032";"0,11";"PR"
"30";"CURITIBA";"Vereador";"GERSON CHASTALO";"12112";"PDT";"Suplente";"84";"0,01";"PR"
"30";"CURITIBA";"Vereador";"GERSON DA SILVA";"43131";"PV";"Suplente";"667";"0,07";"PR"
"30";"CURITIBA";"Vereador";"GETULIO GOMES DA SILVA";"13051";"PT";"Suplente";"171";"0,02";"PR"
"30";"CURITIBA";"Vereador";"GILBERTO CAMARGO DE OLIVEIRA";"33132";"PMN";"Não eleito";"103";"0,01";"PR"
"30";"CURITIBA";"Vereador";"GILBERTO OLIVEIRA GOMES";"21123";"PCB";"Não eleito";"77";"0,01";"PR"
"30";"CURITIBA";"Vereador";"GILBERTO PIRES DOS SANTOS";"45655";"PSDB";"Eleito";"10.382";"1,08";"PR"
"30";"CURITIBA";"Vereador";"GILDA FERREIRA ZANETTI";"17028";"PSL";"Suplente";"87";"0,01";"PR"
"30";"CURITIBA";"Vereador";"GILDA STRELOW";"17252";"PSL";"Suplente";"163";"0,02";"PR"
"30";"CURITIBA";"Vereador";"GILSON DE SOUZA";"10043";"PRB";"Suplente";"3.906";"0,40";"PR"
"30";"CURITIBA";"Vereador";"GISELE SCHWINDEN DE SOUZA";"45457";"PSDB";"Suplente";"24";"0,00";"PR"
"30";"CURITIBA";"Vereador";"GUARACY PRESTES RIBAS";"17700";"PSL";"Suplente";"545";"0,06";"PR"
"30";"CURITIBA";"Vereador";"HECTOR VINICIUS WAGNER";"17094";"PSL";"Suplente";"512";"0,05";"PR"
"30";"CURITIBA";"Vereador";"HELENO JOSÉ DE ANDRADE";"40852";"PSB";"Suplente";"375";"0,04";"PR"
"30";"CURITIBA";"Vereador";"HELIO AFONSO DE MELO";"15730";"PMDB";"Suplente";"888";"0,09";"PR"
"30";"CURITIBA";"Vereador";"HELIO ALVES VACHANSKI";"13900";"PT";"Suplente";"56";"0,01";"PR"
"30";"CURITIBA";"Vereador";"HELIO JOSE DE AQUINO";"20242";"PSC";"Suplente";"160";"0,02";"PR"
"30";"CURITIBA";"Vereador";"HELIO RENATO WIRBISKI";"23123";"PPS";"Suplente";"3.733";"0,39";"PR"
"30";"CURITIBA";"Vereador";"HÉLIO RIBAS MICHELETO";"12357";"PDT";"Suplente";"140";"0,01";"PR"
"30";"CURITIBA";"Vereador";"HERCULES  OLIVEIRA DE SOUZA";"11616";"PP";"Suplente";"234";"0,02";"PR"
"30";"CURITIBA";"Vereador";"HERNANI DA SILVA";"40199";"PSB";"Suplente";"2.797";"0,29";"PR"
"30";"CURITIBA";"Vereador";"HERODES CONCEIÇÃO DEPAULA";"27218";"PSDC";"Não eleito";"77";"0,01";"PR"
"30";"CURITIBA";"Vereador";"HIROTOSHI TAMINATO";"25123";"DEM";"Suplente";"3.175";"0,33";"PR"
"30";"CURITIBA";"Vereador";"ILSON APARECIDO ESTEFANI";"23200";"PPS";"Suplente";"269";"0,03";"PR"
"30";"CURITIBA";"Vereador";"IOLANDA STUPP";"25525";"DEM";"Suplente";"365";"0,04";"PR"
"30";"CURITIBA";"Vereador";"IRACEMA PADILHA ALVES RIBEIRO";"10021";"PRB";"Suplente";"84";"0,01";"PR"
"30";"CURITIBA";"Vereador";"IRANEI DA SILVA FERNANDES";"45456";"PSDB";"Suplente";"1.970";"0,20";"PR"
"30";"CURITIBA";"Vereador";"IRINEU FERREIRA DA CRUZ";"25677";"DEM";"Suplente";"2.079";"0,22";"PR"
"30";"CURITIBA";"Vereador";"IRINEU MARTINS DA SILVA FILHO";"40100";"PSB";"Suplente";"103";"0,01";"PR"
"30";"CURITIBA";"Vereador";"IRIS XAVIER SIMÕES";"22622";"PR";"Suplente";"4.418";"0,46";"PR"
"30";"CURITIBA";"Vereador";"ISAAC DE OLIVEIRA";"15100";"PMDB";"Suplente";"1.533";"0,16";"PR"
"30";"CURITIBA";"Vereador";"ISABEL CRISTINA GONÇALVES";"13001";"PT";"Suplente";"837";"0,09";"PR"
"30";"CURITIBA";"Vereador";"ISMAEL ALVES DOS SANTOS";"17890";"PSL";"Suplente";"248";"0,03";"PR"
"30";"CURITIBA";"Vereador";"ISRAEL TAGLIARI";"45560";"PSDB";"Suplente";"25";"0,00";"PR"
"30";"CURITIBA";"Vereador";"IVALINO GARCIA";"25020";"DEM";"Suplente";"859";"0,09";"PR"
"30";"CURITIBA";"Vereador";"IVAN CARLOS PINHEIRO";"13031";"PT";"Suplente";"123";"0,01";"PR"
"30";"CURITIBA";"Vereador";"IVANDIR VALESI";"33123";"PMN";"Não eleito";"117";"0,01";"PR"
"30";"CURITIBA";"Vereador";"IVANI DE BORBA PERIN";"25425";"DEM";"Suplente";"250";"0,03";"PR"
"30";"CURITIBA";"Vereador";"IVO ROBERTO DA SILVA";"14444";"PTB";"Não eleito";"13";"0,00";"PR"
"30";"CURITIBA";"Vereador";"IZAEL AQUINO DA SILVA";"45575";"PSDB";"Suplente";"1.013";"0,10";"PR"
"30";"CURITIBA";"Vereador";"IZOEL DO ROCIO CARNEIRO DOS SANTOS";"12008";"PDT";"Suplente";"859";"0,09";"PR"
"30";"CURITIBA";"Vereador";"JACIARA DA SILVA TEIXEIRA";"12156";"PDT";"Suplente";"408";"0,04";"PR"
"30";"CURITIBA";"Vereador";"JACQUELINE VILLAS BOAS RODRIGUES BERENDSEN";"40622";"PSB";"Suplente";"81";"0,01";"PR"
"30";"CURITIBA";"Vereador";"JACYR JOSE CASARIL";"17677";"PSL";"Suplente";"978";"0,10";"PR"
"30";"CURITIBA";"Vereador";"JAIME JOSÉ DAMRAT";"12001";"PDT";"Suplente";"554";"0,06";"PR"
"30";"CURITIBA";"Vereador";"JAIME VIRGINIO QUEIROZ";"33171";"PMN";"Não eleito";"142";"0,01";"PR"
"30";"CURITIBA";"Vereador";"JAIR CAETANO";"27012";"PSDC";"Não eleito";"154";"0,02";"PR"
"30";"CURITIBA";"Vereador";"JAIR CEZAR DE OLIVEIRA";"45045";"PSDB";"Eleito";"6.768";"0,70";"PR"
"30";"CURITIBA";"Vereador";"JAIRO DE OLIVEIRA E SILVA";"25654";"DEM";"Suplente";"802";"0,08";"PR"
"30";"CURITIBA";"Vereador";"JAIRO MARCELINO DA SILVA";"12500";"PDT";"Eleito";"10.683";"1,11";"PR"
"30";"CURITIBA";"Vereador";"JAIRO SCHMITT KREUSCH";"13400";"PT";"Suplente";"153";"0,02";"PR"
"30";"CURITIBA";"Vereador";"JAKSON WANDERLEY POMIN";"12100";"PDT";"Suplente";"985";"0,10";"PR"
"30";"CURITIBA";"Vereador";"JANETE KOVALSKI FERREIRA DE LIMA";"23334";"PPS";"Suplente";"110";"0,01";"PR"
"30";"CURITIBA";"Vereador";"JANINE ANDREIV RODRIGUES";"15177";"PMDB";"Suplente";"83";"0,01";"PR"
"30";"CURITIBA";"Vereador";"JANUARIO SAPLAK";"11667";"PP";"Suplente";"595";"0,06";"PR"
"30";"CURITIBA";"Vereador";"JEFFERSON ROBERTO DA SILVA";"12129";"PDT";"Suplente";"132";"0,01";"PR"
"30";"CURITIBA";"Vereador";"JESSE KRIEGER";"25104";"DEM";"Suplente";"2.947";"0,31";"PR"
"30";"CURITIBA";"Vereador";"JOACIR ROBERTO HINÇA";"12677";"PDT";"Eleito";"7.492";"0,78";"PR"
"30";"CURITIBA";"Vereador";"JOAÕ ALBERTO COELHO QUEIROZ NETO";"12777";"PDT";"Suplente";"630";"0,07";"PR"
"30";"CURITIBA";"Vereador";"JOÃO ALCYR STABEN";"25000";"DEM";"Suplente";"798";"0,08";"PR"
"30";"CURITIBA";"Vereador";"JOÃO ALEXANDRE DE SOUZA";"28077";"PRTB";"Não eleito";"133";"0,01";"PR"
"30";"CURITIBA";"Vereador";"JOÃO ALVES DE MEDEIROS";"10004";"PRB";"Suplente";"87";"0,01";"PR"
"30";"CURITIBA";"Vereador";"JOAO ANTONIO BATISTA DE PILAR";"13060";"PT";"Suplente";"154";"0,02";"PR"
"30";"CURITIBA";"Vereador";"JOÃO AUGUSTO ZERBINI RIBAS VASCONCELLOS";"40007";"PSB";"Suplente";"404";"0,04";"PR"
"30";"CURITIBA";"Vereador";"JOÃO CARLOS DA SILVA";"10321";"PRB";"Suplente";"271";"0,03";"PR"
"30";"CURITIBA";"Vereador";"JOÃO CARLOS RODRIGUES";"17755";"PSL";"Suplente";"2.327";"0,24";"PR"
"30";"CURITIBA";"Vereador";"JOÃO CARLOS SANTANA";"40777";"PSB";"Suplente";"712";"0,07";"PR"
"30";"CURITIBA";"Vereador";"JOÃO CLÁUDIO DEROSSO";"45647";"PSDB";"Eleito";"11.189";"1,16";"PR"
"30";"CURITIBA";"Vereador";"JOÃO DO NASCIMENTO SILVA";"10051";"PRB";"Suplente";"450";"0,05";"PR"
"30";"CURITIBA";"Vereador";"JOÃO EMILIO SILVA";"12004";"PDT";"Suplente";"2.223";"0,23";"PR"
"30";"CURITIBA";"Vereador";"JOÃO ERI LINHAR";"10910";"PRB";"Suplente";"53";"0,01";"PR"
"30";"CURITIBA";"Vereador";"JOÃO FLAUSINO DIAS";"28190";"PRTB";"Não eleito";"1.710";"0,18";"PR"
"30";"CURITIBA";"Vereador";"JOÃO FRANCISCO LAMEIRO";"27177";"PSDC";"Não eleito";"234";"0,02";"PR"
"30";"CURITIBA";"Vereador";"JOAO GALDINO DE SOUZA";"43021";"PV";"Eleito";"11.736";"1,22";"PR"
"30";"CURITIBA";"Vereador";"JOÃO LUIZ SIMÕES CORDEIRO";"45007";"PSDB";"Eleito";"6.640";"0,69";"PR"
"30";"CURITIBA";"Vereador";"JOÃO MARIA DA SILVA";"27127";"PSDC";"Não eleito";"238";"0,02";"PR"
"30";"CURITIBA";"Vereador";"JOÃO MARIA DOS SANTOS";"45708";"PSDB";"Suplente";"574";"0,06";"PR"
"30";"CURITIBA";"Vereador";"JOÃO RANGEL MACHADO PEREIRA";"14123";"PTB";"Não eleito";"102";"0,01";"PR"
"30";"CURITIBA";"Vereador";"JOÃO RICARDO FERRER";"33013";"PMN";"Não eleito";"85";"0,01";"PR"
"30";"CURITIBA";"Vereador";"JOÃO ROCHA DE SOUZA";"33224";"PMN";"Não eleito";"652";"0,07";"PR"
"30";"CURITIBA";"Vereador";"JOÃO SAMPAIO DE ARAUJO";"17514";"PSL";"Suplente";"60";"0,01";"PR"
"30";"CURITIBA";"Vereador";"JOÃO SEVENIL DE OLIVEIRA";"10000";"PRB";"Suplente";"527";"0,05";"PR"
"30";"CURITIBA";"Vereador";"JOÃO SOBIERANSKI";"15145";"PMDB";"Suplente";"254";"0,03";"PR"
"30";"CURITIBA";"Vereador";"JOÃO VALMIR ONGARO";"14002";"PTB";"Não eleito";"151";"0,02";"PR"
"30";"CURITIBA";"Vereador";"JOÃO VERONI DA FONSECA MOURA";"40045";"PSB";"Suplente";"469";"0,05";"PR"
"30";"CURITIBA";"Vereador";"JOAQUIM SILVA MACIEL";"13512";"PT";"Suplente";"351";"0,04";"PR"
"30";"CURITIBA";"Vereador";"JOAREZ MARCHANDO LANDIN";"12190";"PDT";"Suplente";"274";"0,03";"PR"
"30";"CURITIBA";"Vereador";"JOEL DE OLIVEIRA REIKDAL";"11613";"PP";"Suplente";"169";"0,02";"PR"
"30";"CURITIBA";"Vereador";"JOEL LUIZ DE SOUZA";"23222";"PPS";"Suplente";"273";"0,03";"PR"
"30";"CURITIBA";"Vereador";"JOEL SANTOS FILHO";"12120";"PDT";"Suplente";"235";"0,02";"PR"
"30";"CURITIBA";"Vereador";"JOEL SANTOS MARTINS";"12280";"PDT";"Suplente";"246";"0,03";"PR"
"30";"CURITIBA";"Vereador";"JOENS TABAJARA DE LIMA PEREIRA";"10600";"PRB";"Suplente";"89";"0,01";"PR"
"30";"CURITIBA";"Vereador";"JONAS DE SOUZA PINTO";"40234";"PSB";"Suplente";"489";"0,05";"PR"
"30";"CURITIBA";"Vereador";"JONATAS PIRKIEL";"25125";"DEM";"Suplente";"2.315";"0,24";"PR"
"30";"CURITIBA";"Vereador";"JONATHAS SEVERINO CASTRO";"27277";"PSDC";"Não eleito";"42";"0,00";"PR"
"30";"CURITIBA";"Vereador";"JONI SILVA CORREIA JUNIOR";"15333";"PMDB";"Suplente";"300";"0,03";"PR"
"30";"CURITIBA";"Vereador";"JONNY MAGALHAES STICA";"13000";"PT";"Eleito";"4.016";"0,42";"PR"
"30";"CURITIBA";"Vereador";"JORANDIR FERREIRA";"23369";"PPS";"Suplente";"1.440";"0,15";"PR"
"30";"CURITIBA";"Vereador";"JORGE LUIZ BERNARDI";"12000";"PDT";"Suplente";"7.116";"0,74";"PR"
"30";"CURITIBA";"Vereador";"JORGE LUIZ JACQUES NUNES";"70777";"PT do B";"Não eleito";"30";"0,00";"PR"
"30";"CURITIBA";"Vereador";"JORGE RANGEL FILHO";"12051";"PDT";"Suplente";"201";"0,02";"PR"
"30";"CURITIBA";"Vereador";"JORGE YAMAWAKI";"45088";"PSDB";"Suplente";"5.199";"0,54";"PR"
"30";"CURITIBA";"Vereador";"JOSCELY GONÇALVES GOMES";"27444";"PSDC";"Não eleito";"237";"0,02";"PR"
"30";"CURITIBA";"Vereador";"JOSE ADRIANO ELIAS";"13024";"PT";"Suplente";"343";"0,04";"PR"
"30";"CURITIBA";"Vereador";"JOSE ALTEMIR FELIX";"33010";"PMN";"Não eleito";"72";"0,01";"PR"
"30";"CURITIBA";"Vereador";"JOSE ALVES AFONSO FILHO";"13444";"PT";"Suplente";"1.733";"0,18";"PR"
"30";"CURITIBA";"Vereador";"JOSE ANTENOR SOMOKOVITZ";"36112";"PTC";"Suplente";"128";"0,01";"PR"
"30";"CURITIBA";"Vereador";"JOSE ANTONIO MARTINS DO REGO";"27800";"PSDC";"Não eleito";"74";"0,01";"PR"
"30";"CURITIBA";"Vereador";"JOSÉ APARECIDO ALVES";"45681";"PSDB";"Suplente";"3.409";"0,35";"PR"
"30";"CURITIBA";"Vereador";"JOSE APARECIDO DA SILVA";"15113";"PMDB";"Suplente";"891";"0,09";"PR"
"30";"CURITIBA";"Vereador";"JOSE AUGUSTO SOAVINSKI";"15115";"PMDB";"Suplente";"1.730";"0,18";"PR"
"30";"CURITIBA";"Vereador";"JOSÉ BALBINO DE AMORIM";"40141";"PSB";"Suplente";"73";"0,01";"PR"
"30";"CURITIBA";"Vereador";"JOSE CARLOS CHICARELLI";"17123";"PSL";"Suplente";"2.348";"0,24";"PR"
"30";"CURITIBA";"Vereador";"JOSÉ CARLOS DA SILVA";"12645";"PDT";"Suplente";"195";"0,02";"PR"
"30";"CURITIBA";"Vereador";"JOSE CIDRO CAVALHEIRO LOPES";"33456";"PMN";"Não eleito";"541";"0,06";"PR"
"30";"CURITIBA";"Vereador";"JOSÉ DE ALENCAR SOARES";"12999";"PDT";"Suplente";"207";"0,02";"PR"
"30";"CURITIBA";"Vereador";"JOSE DONIZETTE GARCIA";"43003";"PV";"Suplente";"1.053";"0,11";"PR"
"30";"CURITIBA";"Vereador";"JOSÉ ELTON DUQUE RIBEIRO";"45156";"PSDB";"Suplente";"1.087";"0,11";"PR"
"30";"CURITIBA";"Vereador";"JOSE FERNANDO DE OLIVEIRA";"43035";"PV";"Suplente";"163";"0,02";"PR"
"30";"CURITIBA";"Vereador";"JOSE FERREIRA DOS SANTOS";"40333";"PSB";"Suplente";"422";"0,04";"PR"
"30";"CURITIBA";"Vereador";"JOSE JORGE TOBIAS DE SANTANA";"23000";"PPS";"Suplente";"366";"0,04";"PR"
"30";"CURITIBA";"Vereador";"JOSÉ JUVANCI DA SILVA";"50050";"PSOL";"Não eleito";"149";"0,02";"PR"
"30";"CURITIBA";"Vereador";"JOSE KUDLINSKI";"17655";"PSL";"Suplente";"714";"0,07";"PR"
"30";"CURITIBA";"Vereador";"JOSÉ LEONEL";"45033";"PSDB";"Suplente";"2.860";"0,30";"PR"
"30";"CURITIBA";"Vereador";"JOSE LINO PAZ";"11007";"PP";"Suplente";"100";"0,01";"PR"
"30";"CURITIBA";"Vereador";"JOSE MARIA ALVES PEREIRA";"23023";"PPS";"Eleito";"7.985";"0,83";"PR"
"30";"CURITIBA";"Vereador";"JOSE MARIANO DA SILVA";"23745";"PPS";"Suplente";"530";"0,05";"PR"
"30";"CURITIBA";"Vereador";"JOSE MARQUES BELARMINO FILHO";"13789";"PT";"Suplente";"247";"0,03";"PR"
"30";"CURITIBA";"Vereador";"JOSE OLIVEIRA SILVA";"33050";"PMN";"Não eleito";"112";"0,01";"PR"
"30";"CURITIBA";"Vereador";"JOSÉ ORTIZ LINS";"40640";"PSB";"Suplente";"6.404";"0,66";"PR"
"30";"CURITIBA";"Vereador";"JOSÉ OZIRES DE ALMEIDA";"14514";"PTB";"Não eleito";"65";"0,01";"PR"
"30";"CURITIBA";"Vereador";"JOSE ROBERTO DOS SANTOS";"43190";"PV";"Eleito";"17.377";"1,80";"PR"
"30";"CURITIBA";"Vereador";"JOSÉ ROBERTO SANDOVAL";"14200";"PTB";"Não eleito";"7.180";"0,74";"PR"
"30";"CURITIBA";"Vereador";"JOSE SOARES";"40983";"PSB";"Suplente";"1.665";"0,17";"PR"
"30";"CURITIBA";"Vereador";"JOSE WANDERLEI LOPES";"23003";"PPS";"Suplente";"1.100";"0,11";"PR"
"30";"CURITIBA";"Vereador";"JOSETE DUBIASKI DA SILVA";"13613";"PT";"Eleito";"3.884";"0,40";"PR"
"30";"CURITIBA";"Vereador";"JOSIANE DE FÁTIMA VAZ PADILHA BORGES";"12750";"PDT";"Suplente";"141";"0,01";"PR"
"30";"CURITIBA";"Vereador";"JOSIAS MILANI";"13354";"PT";"Suplente";"92";"0,01";"PR"
"30";"CURITIBA";"Vereador";"JOSIEL ANTONIO SPERANCETE";"17999";"PSL";"Suplente";"41";"0,00";"PR"
"30";"CURITIBA";"Vereador";"JOSIMÉRI QUEÇADA DE LIMA";"33314";"PMN";"Não eleito";"245";"0,03";"PR"
"30";"CURITIBA";"Vereador";"JOSMAR COELHO DA SILVA";"20002";"PSC";"Suplente";"480";"0,05";"PR"
"30";"CURITIBA";"Vereador";"JOSMAR FERRAZ";"11333";"PP";"Suplente";"746";"0,08";"PR"
"30";"CURITIBA";"Vereador";"JOVELINO ALVES TEIXEIRA";"40049";"PSB";"Suplente";"30";"0,00";"PR"
"30";"CURITIBA";"Vereador";"JUÇANÃ EGUARACIABA LOPES AMARAL";"33008";"PMN";"Não eleito";"91";"0,01";"PR"
"30";"CURITIBA";"Vereador";"JUÇARA IONE DOS SANTOS REIS";"45016";"PSDB";"Suplente";"179";"0,02";"PR"
"30";"CURITIBA";"Vereador";"JULIA GLADIS LACERDA ARRUDA";"45888";"PSDB";"Suplente";"1.699";"0,18";"PR"
"30";"CURITIBA";"Vereador";"JULIAN KAWALEC";"15900";"PMDB";"Suplente";"464";"0,05";"PR"
"30";"CURITIBA";"Vereador";"JULIANO BATISTA RABELO";"23515";"PPS";"Suplente";"1.386";"0,14";"PR"
"30";"CURITIBA";"Vereador";"JULIANO BORGHETTI";"11511";"PP";"Eleito";"4.801";"0,50";"PR"
"30";"CURITIBA";"Vereador";"JULIETA MARIA BRAGA CORTES FIALHO DOS REIS";"25670";"DEM";"Eleito";"5.896";"0,61";"PR"
"30";"CURITIBA";"Vereador";"JULIO CESAR SOBOTA";"20069";"PSC";"Eleito";"4.041";"0,42";"PR"
"30";"CURITIBA";"Vereador";"JULIO DE SOUZA BRITO";"11221";"PP";"Suplente";"772";"0,08";"PR"
"30";"CURITIBA";"Vereador";"JULIO HIDEO ANDO";"15111";"PMDB";"Suplente";"2.130";"0,22";"PR"
"30";"CURITIBA";"Vereador";"JULIO JOSE TAMAROSSI";"17011";"PSL";"Suplente";"405";"0,04";"PR"
"30";"CURITIBA";"Vereador";"JURACI MARLENE DE MOURA SANTOS";"43153";"PV";"Suplente";"289";"0,03";"PR"
"30";"CURITIBA";"Vereador";"JUSSARA DO ROCIO DE OLIVEIRA";"25006";"DEM";"Suplente";"29";"0,00";"PR"
"30";"CURITIBA";"Vereador";"KAMILA TASSIA COUTO GOMES";"13026";"PT";"Suplente";"58";"0,01";"PR"
"30";"CURITIBA";"Vereador";"KENZI SHIRAISHI";"28007";"PRTB";"Não eleito";"92";"0,01";"PR"
"30";"CURITIBA";"Vereador";"KIRYAN MELLO";"43777";"PV";"Suplente";"495";"0,05";"PR"
"30";"CURITIBA";"Vereador";"KLEBER  SCHONEWEG WOLF";"11777";"PP";"Suplente";"432";"0,04";"PR"
"30";"CURITIBA";"Vereador";"LAIS MANN DA SILVA";"11789";"PP";"Suplente";"934";"0,10";"PR"
"30";"CURITIBA";"Vereador";"LAURA JESUS DE MOURA E COSTA";"65233";"PC do B";"Não eleito";"462";"0,05";"PR"
"30";"CURITIBA";"Vereador";"LÁZARO CORREA DA SILVA";"45999";"PSDB";"Suplente";"407";"0,04";"PR"
"30";"CURITIBA";"Vereador";"LEANDRO BERTOZZI STAUT";"15555";"PMDB";"Suplente";"1.174";"0,12";"PR"
"30";"CURITIBA";"Vereador";"LEILANE RIBEIRO NATAL";"28600";"PRTB";"Não eleito";"19";"0,00";"PR"
"30";"CURITIBA";"Vereador";"LENISE CRISTINA NEWTON GONÇALVES";"43300";"PV";"Suplente";"167";"0,02";"PR"
"30";"CURITIBA";"Vereador";"LEONARDO CAETANO ROCHA";"21021";"PCB";"Não eleito";"278";"0,03";"PR"
"30";"CURITIBA";"Vereador";"LEONARDO RIBAS DA SILVA";"22610";"PR";"Suplente";"764";"0,08";"PR"
"30";"CURITIBA";"Vereador";"LEONARDO TURECK VIANA DA MATA";"43001";"PV";"Suplente";"74";"0,01";"PR"
"30";"CURITIBA";"Vereador";"LEONICE MOTTA VIEIRA";"45166";"PSDB";"Suplente";"394";"0,04";"PR"
"30";"CURITIBA";"Vereador";"LEÔNIDAS EDSON KUZMA";"40156";"PSB";"Eleito";"7.298";"0,76";"PR"
"30";"CURITIBA";"Vereador";"LEONIDES PIRES FERREIRA";"45200";"PSDB";"Suplente";"1.794";"0,19";"PR"
"30";"CURITIBA";"Vereador";"LEUSIO JOSÉ DA SILVA";"33713";"PMN";"Não eleito";"219";"0,02";"PR"
"30";"CURITIBA";"Vereador";"LIGIA BERG CAMARGO";"15156";"PMDB";"Suplente";"1.086";"0,11";"PR"
"30";"CURITIBA";"Vereador";"LÍGIA MARIA ARAUJO HAKIM";"25333";"DEM";"Suplente";"383";"0,04";"PR"
"30";"CURITIBA";"Vereador";"LIRIO DE MOURA MOREIRA";"15999";"PMDB";"Suplente";"235";"0,02";"PR"
"30";"CURITIBA";"Vereador";"LÍVIA RAITANI DOS SANTOS";"25026";"DEM";"Suplente";"128";"0,01";"PR"
"30";"CURITIBA";"Vereador";"LOURDES ANTONIO DA FONSECA";"40012";"PSB";"Suplente";"563";"0,06";"PR"
"30";"CURITIBA";"Vereador";"LOURENÇO RABELLO CAMPOS";"17111";"PSL";"Suplente";"193";"0,02";"PR"
"30";"CURITIBA";"Vereador";"LOURENÇO SOKACHESKI";"40003";"PSB";"Suplente";"479";"0,05";"PR"
"30";"CURITIBA";"Vereador";"LOURIVAL TADEU PEREIRA";"15021";"PMDB";"Suplente";"363";"0,04";"PR"
"30";"CURITIBA";"Vereador";"LÚCIA ROSA BECKER DOS SANTOS";"10122";"PRB";"Suplente";"333";"0,03";"PR"
"30";"CURITIBA";"Vereador";"LUCIANA MARINHO DOS SANTOS";"65579";"PC do B";"Não eleito";"3";"0,00";"PR"
"30";"CURITIBA";"Vereador";"LUCIANO FONTOURA FAUCZ DE LACERDA";"65555";"PC do B";"Não eleito";"403";"0,04";"PR"
"30";"CURITIBA";"Vereador";"LUCIANO PEDROSO RAMOS";"20120";"PSC";"Suplente";"53";"0,01";"PR"
"30";"CURITIBA";"Vereador";"LUCIMAR PEREIRA DOS SANTOS";"45844";"PSDB";"Suplente";"258";"0,03";"PR"
"30";"CURITIBA";"Vereador";"LUCIMARA DOS SANTOS RODRIGUES";"17553";"PSL";"Suplente";"125";"0,01";"PR"
"30";"CURITIBA";"Vereador";"LUCIUMAR MARIANO BONETE";"23002";"PPS";"Suplente";"497";"0,05";"PR"
"30";"CURITIBA";"Vereador";"LUIS CESAR PINHEIRO";"20638";"PSC";"Suplente";"282";"0,03";"PR"
"30";"CURITIBA";"Vereador";"LUIS CLAUDIO PEREIRA";"13777";"PT";"Suplente";"1.656";"0,17";"PR"
"30";"CURITIBA";"Vereador";"LUIS EDUARDO PUGSLEY";"17245";"PSL";"Suplente";"60";"0,01";"PR"
"30";"CURITIBA";"Vereador";"LUIS FERNANDO ARAÚJO STELLFELD";"65789";"PC do B";"Não eleito";"6.784";"0,70";"PR"
"30";"CURITIBA";"Vereador";"LUIS FERNANDO SCHEIFFER GIRARDELLO";"40567";"PSB";"Suplente";"248";"0,03";"PR"
"30";"CURITIBA";"Vereador";"LUISA BERNARDI DE CAMUZZI";"25200";"DEM";"Suplente";"1.403";"0,15";"PR"
"30";"CURITIBA";"Vereador";"LUIZ ANTONIO DOS SANTOS CHAVES";"14000";"PTB";"Não eleito";"1.268";"0,13";"PR"
"30";"CURITIBA";"Vereador";"LUIZ ANTONIO SANTOS";"10057";"PRB";"Suplente";"326";"0,03";"PR"
"30";"CURITIBA";"Vereador";"LUIZ CARLOS CONCEIÇÃO";"10112";"PRB";"Suplente";"279";"0,03";"PR"
"30";"CURITIBA";"Vereador";"LUIZ CARLOS DA SILVA";"14660";"PTB";"Não eleito";"195";"0,02";"PR"
"30";"CURITIBA";"Vereador";"LUIZ CARLOS DA SILVA HERLLAIN";"13321";"PT";"Suplente";"199";"0,02";"PR"
"30";"CURITIBA";"Vereador";"LUIZ CARLOS DE LIMA";"23190";"PPS";"Suplente";"756";"0,08";"PR"
"30";"CURITIBA";"Vereador";"LUIZ CARLOS GOMES";"40222";"PSB";"Suplente";"724";"0,08";"PR"
"30";"CURITIBA";"Vereador";"LUIZ CARLOS SARAGIOTTO";"45700";"PSDB";"Suplente";"490";"0,05";"PR"
"30";"CURITIBA";"Vereador";"LUIZ FELIPE BERGMANN";"50123";"PSOL";"Não eleito";"480";"0,05";"PR"
"30";"CURITIBA";"Vereador";"LUIZ FELIPE GUBERT BRAGA CORTES";"45500";"PSDB";"Eleito";"11.817";"1,22";"PR"
"30";"CURITIBA";"Vereador";"LUIZ FERNANDO CORRÊA";"11300";"PP";"Suplente";"2.993";"0,31";"PR"
"30";"CURITIBA";"Vereador";"LUIZ FERNANDO SKORA";"13045";"PT";"Suplente";"481";"0,05";"PR"
"30";"CURITIBA";"Vereador";"LUIZ GONZAGA ANDRAUS CYPRIANO DE MATTOS";"45015";"PSDB";"Suplente";"327";"0,03";"PR"
"30";"CURITIBA";"Vereador";"LUIZ GONZAGA CAETANO MONEZI";"43900";"PV";"Suplente";"169";"0,02";"PR"
"30";"CURITIBA";"Vereador";"LUIZ GUILHERMINO RORATO";"45100";"PSDB";"Suplente";"180";"0,02";"PR"
"30";"CURITIBA";"Vereador";"LUIZ JUVÊNCIO PEREIRA";"10789";"PRB";"Suplente";"788";"0,08";"PR"
"30";"CURITIBA";"Vereador";"LUIZ MARCELO DOS ANJOS";"45777";"PSDB";"Suplente";"1.740";"0,18";"PR"
"30";"CURITIBA";"Vereador";"LUIZ SANTOS FERREIRA";"20456";"PSC";"Suplente";"273";"0,03";"PR"
"30";"CURITIBA";"Vereador";"LUIZ SCREMIN FILHO";"40318";"PSB";"Suplente";"405";"0,04";"PR"
"30";"CURITIBA";"Vereador";"LUIZ TADEU SEIDEL BERNARDINA";"40400";"PSB";"Suplente";"1.470";"0,15";"PR"
"30";"CURITIBA";"Vereador";"MAGNO LUIZ POLAK";"43008";"PV";"Suplente";"110";"0,01";"PR"
"30";"CURITIBA";"Vereador";"MAIKO ALEXANDRE NUNES VIEIRA";"23789";"PPS";"Suplente";"335";"0,03";"PR"
"30";"CURITIBA";"Vereador";"MANASSES NOBRE SOBRINHO";"12700";"PDT";"Suplente";"95";"0,01";"PR"
"30";"CURITIBA";"Vereador";"MANOEL  SOARES  DOS  SANTOS";"27113";"PSDC";"Não eleito";"342";"0,04";"PR"
"30";"CURITIBA";"Vereador";"MANOEL LUCIANO DE ANDRADE";"17888";"PSL";"Suplente";"1.173";"0,12";"PR"
"30";"CURITIBA";"Vereador";"MARA LUCIA CORRÊA SCHEIDT";"20620";"PSC";"Suplente";"160";"0,02";"PR"
"30";"CURITIBA";"Vereador";"MARCELO ARIALDO PORCINO";"40178";"PSB";"Suplente";"428";"0,04";"PR"
"30";"CURITIBA";"Vereador";"MARCELO CORDEIRO ALVES PINTO";"23156";"PPS";"Suplente";"331";"0,03";"PR"
"30";"CURITIBA";"Vereador";"MARCELO DE SANT'ANA PINTO";"43689";"PV";"Suplente";"141";"0,01";"PR"
"30";"CURITIBA";"Vereador";"MARCELO PADILHA";"12612";"PDT";"Suplente";"152";"0,02";"PR"
"30";"CURITIBA";"Vereador";"MARCELO PERUCHI";"13153";"PT";"Suplente";"354";"0,04";"PR"
"30";"CURITIBA";"Vereador";"MARCIA ALVES MARTINS";"11012";"PP";"Suplente";"223";"0,02";"PR"
"30";"CURITIBA";"Vereador";"MARCIA REGINA COELHO RIBEIRO";"23232";"PPS";"Suplente";"140";"0,01";"PR"
"30";"CURITIBA";"Vereador";"MARCIA REGINA DAGOSTIM GOMES";"20598";"PSC";"Suplente";"352";"0,04";"PR"
"30";"CURITIBA";"Vereador";"MARCIA ROMEIRO LEMOS";"17098";"PSL";"Suplente";"98";"0,01";"PR"
"30";"CURITIBA";"Vereador";"MARCIEL COLONETTI";"25111";"DEM";"Suplente";"688";"0,07";"PR"
"30";"CURITIBA";"Vereador";"MARCILIO JOSE DE OLIVEIRA";"17122";"PSL";"Suplente";"556";"0,06";"PR"
"30";"CURITIBA";"Vereador";"MARCIO ANTONIO DO NASCIMENTO";"12450";"PDT";"Suplente";"255";"0,03";"PR"
"30";"CURITIBA";"Vereador";"MARCO ANTONIO DE ARAUJO";"40478";"PSB";"Suplente";"192";"0,02";"PR"
"30";"CURITIBA";"Vereador";"MARCO ANTONIO DUBIEL GERMANO";"20222";"PSC";"Suplente";"637";"0,07";"PR"
"30";"CURITIBA";"Vereador";"MARCO ANTÔNIO ROCKENBACH";"45190";"PSDB";"Suplente";"506";"0,05";"PR"
"30";"CURITIBA";"Vereador";"MARCO AURELIO CARNEIRO";"40889";"PSB";"Suplente";"336";"0,03";"PR"
"30";"CURITIBA";"Vereador";"MARCO FRANCISCO HOSTERT";"12900";"PDT";"Suplente";"43";"0,00";"PR"
"30";"CURITIBA";"Vereador";"MARCOS ANTONIO NOGAS";"23233";"PPS";"Suplente";"1.434";"0,15";"PR"
"30";"CURITIBA";"Vereador";"MARCOS AURÉLIO LUCCA";"20789";"PSC";"Suplente";"700";"0,07";"PR"
"30";"CURITIBA";"Vereador";"MARCOS BATISTA";"36021";"PTC";"Suplente";"38";"0,00";"PR"
"30";"CURITIBA";"Vereador";"MARCOS COSTA JUNIOR";"12010";"PDT";"Suplente";"147";"0,02";"PR"
"30";"CURITIBA";"Vereador";"MARCOS DRISCHEL";"12145";"PDT";"Suplente";"274";"0,03";"PR"
"30";"CURITIBA";"Vereador";"MARCOS MARQUES PEREIRA";"12350";"PDT";"Suplente";"218";"0,02";"PR"
"30";"CURITIBA";"Vereador";"MARCOS MILDEMBERGER";"33030";"PMN";"Não eleito";"143";"0,01";"PR"
"30";"CURITIBA";"Vereador";"MARCOS ROBERTO BUTENAS";"65300";"PC do B";"Não eleito";"305";"0,03";"PR"
"30";"CURITIBA";"Vereador";"MARCOS VINICIUS DA SILVA SOUZA";"40700";"PSB";"Suplente";"399";"0,04";"PR"
"30";"CURITIBA";"Vereador";"MARI APARECIDA DE OLIVEIRA";"14025";"PTB";"Não eleito";"33";"0,00";"PR"
"30";"CURITIBA";"Vereador";"MARIA APARECIDA BARATIERI";"12009";"PDT";"Suplente";"194";"0,02";"PR"
"30";"CURITIBA";"Vereador";"MARIA APARECIDA DE OLIVEIRA";"20194";"PSC";"Suplente";"87";"0,01";"PR"
"30";"CURITIBA";"Vereador";"MARIA APARECIDA DIVINO";"12820";"PDT";"Suplente";"84";"0,01";"PR"
"30";"CURITIBA";"Vereador";"MARIA APARECIDA DOS SANTOS SOUZA";"45105";"PSDB";"Suplente";"425";"0,04";"PR"
"30";"CURITIBA";"Vereador";"MARIA CECILIA SEBASTIÃO GOMES";"27505";"PSDC";"Não eleito";"55";"0,01";"PR"
"30";"CURITIBA";"Vereador";"MARIA CLARICE BANASZEWSKI";"17955";"PSL";"Suplente";"102";"0,01";"PR"
"30";"CURITIBA";"Vereador";"MARIA DA LUZ MARTINS";"27999";"PSDC";"Não eleito";"46";"0,00";"PR"
"30";"CURITIBA";"Vereador";"MARIA DE FATIMA DE SOUZA BRITO";"17951";"PSL";"Suplente";"290";"0,03";"PR"
"30";"CURITIBA";"Vereador";"MARIA DE FÁTIMA SADDOCK PEREIRA";"43210";"PV";"Suplente";"852";"0,09";"PR"
"30";"CURITIBA";"Vereador";"MARIA DE LARA";"40404";"PSB";"Suplente";"184";"0,02";"PR"
"30";"CURITIBA";"Vereador";"MARIA DE LOURDES BARATTO DO PRADO";"11011";"PP";"Suplente";"560";"0,06";"PR"
"30";"CURITIBA";"Vereador";"MARIA DE LOURDES BESERRA DE SOUZA";"40004";"PSB";"Eleito";"9.302";"0,96";"PR"
"30";"CURITIBA";"Vereador";"MARIA DE LOURDES FERNANDES BACANOF";"33334";"PMN";"Não eleito";"347";"0,04";"PR"
"30";"CURITIBA";"Vereador";"MARIA DO ROCIO KLINGELFUS";"33444";"PMN";"Não eleito";"68";"0,01";"PR"
"30";"CURITIBA";"Vereador";"MARIA DO SOCORRO DA SILVA";"45945";"PSDB";"Suplente";"242";"0,03";"PR"
"30";"CURITIBA";"Vereador";"MARIA ELIZABETE SCHOENBERGER";"27011";"PSDC";"Não eleito";"98";"0,01";"PR"
"30";"CURITIBA";"Vereador";"MARIA GORETTI DAVID LOPES";"45745";"PSDB";"Suplente";"2.313";"0,24";"PR"
"30";"CURITIBA";"Vereador";"MARIA LOPES BEZERRA MODESTO";"15675";"PMDB";"Suplente";"76";"0,01";"PR"
"30";"CURITIBA";"Vereador";"MARIA LUCIA TAGLIARI";"15400";"PMDB";"Suplente";"57";"0,01";"PR"
"30";"CURITIBA";"Vereador";"MARIA MADALENA PRYBICZ";"13822";"PT";"Suplente";"43";"0,00";"PR"
"30";"CURITIBA";"Vereador";"MARIA MARTINS";"45002";"PSDB";"Suplente";"131";"0,01";"PR"
"30";"CURITIBA";"Vereador";"MARIA NIVERCINDA DE CAMARGO";"23313";"PPS";"Suplente";"89";"0,01";"PR"
"30";"CURITIBA";"Vereador";"MARIA TEREZINHA RIBEIRO DA CRUZ GALVÃO";"43251";"PV";"Suplente";"22";"0,00";"PR"
"30";"CURITIBA";"Vereador";"MARIAN DO ROCIO TEIXEIRA";"40900";"PSB";"Suplente";"514";"0,05";"PR"
"30";"CURITIBA";"Vereador";"MARIANO JUCKE";"14888";"PTB";"Não eleito";"383";"0,04";"PR"
"30";"CURITIBA";"Vereador";"MARILEI DE SOUZA LIMA";"45123";"PSDB";"Eleito";"12.627";"1,31";"PR"
"30";"CURITIBA";"Vereador";"MARILIANE ALVES CORDEIRO AGUIAR";"28700";"PRTB";"Não eleito";"254";"0,03";"PR"
"30";"CURITIBA";"Vereador";"MARILZE RODRIGUES ACOSTA";"15715";"PMDB";"Suplente";"97";"0,01";"PR"
"30";"CURITIBA";"Vereador";"MARINALVA RAMOS BARBOZA";"10022";"PRB";"Suplente";"283";"0,03";"PR"
"30";"CURITIBA";"Vereador";"MARINÉS VIECILI";"20300";"PSC";"Suplente";"132";"0,01";"PR"
"30";"CURITIBA";"Vereador";"MARIO ANTONIO RAVANELLO";"17013";"PSL";"Suplente";"185";"0,02";"PR"
"30";"CURITIBA";"Vereador";"MARIO CELSO PUGLIELLI DA CUNHA";"40040";"PSB";"Eleito";"6.678";"0,69";"PR"
"30";"CURITIBA";"Vereador";"MÁRIO DITIUK";"12789";"PDT";"Suplente";"389";"0,04";"PR"
"30";"CURITIBA";"Vereador";"MARIO FERREIRA";"10800";"PRB";"Suplente";"180";"0,02";"PR"
"30";"CURITIBA";"Vereador";"MARIO OLIVEIRA GOMES";"10190";"PRB";"Suplente";"99";"0,01";"PR"
"30";"CURITIBA";"Vereador";"MARIO SERGIO BRADOCK ZACHESKI";"15150";"PMDB";"Suplente";"1.118";"0,12";"PR"
"30";"CURITIBA";"Vereador";"MARISA POCKRANDT";"25225";"DEM";"Suplente";"128";"0,01";"PR"
"30";"CURITIBA";"Vereador";"MARISA STEDILE";"13121";"PT";"Suplente";"2.645";"0,27";"PR"
"30";"CURITIBA";"Vereador";"MARLENE CARDOZO DE AGUIAR DOS SANTOS";"45900";"PSDB";"Suplente";"506";"0,05";"PR"
"30";"CURITIBA";"Vereador";"MARLENE DE SOUZA ANDRADE";"45177";"PSDB";"Suplente";"152";"0,02";"PR"
"30";"CURITIBA";"Vereador";"MARLI ALVES ANDRADE";"20252";"PSC";"Suplente";"71";"0,01";"PR"
"30";"CURITIBA";"Vereador";"MARLI TEIXEIRA LEITE";"45019";"PSDB";"Suplente";"811";"0,08";"PR"
"30";"CURITIBA";"Vereador";"MARLI TEREZINHA FLORENTINO";"15915";"PMDB";"Suplente";"102";"0,01";"PR"
"30";"CURITIBA";"Vereador";"MARLUS VINICIUS FORIGO";"15005";"PMDB";"Suplente";"676";"0,07";"PR"
"30";"CURITIBA";"Vereador";"MAURICIO BARBOSA DE CAMARGO";"14014";"PTB";"Não eleito";"2.760";"0,29";"PR"
"30";"CURITIBA";"Vereador";"MAURICIO BASTOS";"14114";"PTB";"Não eleito";"84";"0,01";"PR"
"30";"CURITIBA";"Vereador";"MAURICIO DE SANTA CRUZ ARRUDA";"20190";"PSC";"Suplente";"3.070";"0,32";"PR"
"30";"CURITIBA";"Vereador";"MAURILIO ALVES";"15151";"PMDB";"Suplente";"366";"0,04";"PR"
"30";"CURITIBA";"Vereador";"MAURO BONIERSKI";"10101";"PRB";"Suplente";"156";"0,02";"PR"
"30";"CURITIBA";"Vereador";"MAURO FAGUNDES RODRIGUES MARQUES";"25696";"DEM";"Suplente";"497";"0,05";"PR"
"30";"CURITIBA";"Vereador";"MAURO IGNACIO";"12123";"PDT";"Suplente";"7.041";"0,73";"PR"
"30";"CURITIBA";"Vereador";"MAURO WIEGAND";"20450";"PSC";"Suplente";"315";"0,03";"PR"
"30";"CURITIBA";"Vereador";"MAYKON JEFFERSON DE OLIVEIRA";"25022";"DEM";"Suplente";"473";"0,05";"PR"
"30";"CURITIBA";"Vereador";"MIGUEL ARILDO DE LIMA";"33133";"PMN";"Não eleito";"716";"0,07";"PR"
"30";"CURITIBA";"Vereador";"MIGUEL DOS SANTOS JUNIOR";"12094";"PDT";"Suplente";"72";"0,01";"PR"
"30";"CURITIBA";"Vereador";"MIGUEL SILVESTRE DA ROCHA";"27213";"PSDC";"Não eleito";"41";"0,00";"PR"
"30";"CURITIBA";"Vereador";"MOACIR BERWANGER";"23008";"PPS";"Suplente";"205";"0,02";"PR"
"30";"CURITIBA";"Vereador";"MOISES ROSA SANTANA";"17157";"PSL";"Suplente";"264";"0,03";"PR"
"30";"CURITIBA";"Vereador";"MOISÉS SILVA DE MENEZES";"20500";"PSC";"Suplente";"73";"0,01";"PR"
"30";"CURITIBA";"Vereador";"MÔNICA NATEL BENETTI";"33800";"PMN";"Não eleito";"703";"0,07";"PR"
"30";"CURITIBA";"Vereador";"NADIA ALEXSANDRA ALVES IZQUIERDO";"17782";"PSL";"Suplente";"141";"0,01";"PR"
"30";"CURITIBA";"Vereador";"NASSER DOS SANTOS BANDEIRA";"12333";"PDT";"Suplente";"481";"0,05";"PR"
"30";"CURITIBA";"Vereador";"NATANAEL LUIZ DA SILVA";"25700";"DEM";"Suplente";"221";"0,02";"PR"
"30";"CURITIBA";"Vereador";"NATASHA PRINCIVAL BERLIM";"13100";"PT";"Suplente";"574";"0,06";"PR"
"30";"CURITIBA";"Vereador";"NEIR HOMEM MENEZES";"10777";"PRB";"Suplente";"366";"0,04";"PR"
"30";"CURITIBA";"Vereador";"NELCI DO ROCIO BERNARDES";"23013";"PPS";"Suplente";"159";"0,02";"PR"
"30";"CURITIBA";"Vereador";"NELLO ROY MORLOTTI";"65650";"PC do B";"Não eleito";"1.905";"0,20";"PR"
"30";"CURITIBA";"Vereador";"NELSON LUIS BOCHENEK";"10145";"PRB";"Suplente";"546";"0,06";"PR"
"30";"CURITIBA";"Vereador";"NELSON LUIZ MALINOWSKI";"33660";"PMN";"Não eleito";"261";"0,03";"PR"
"30";"CURITIBA";"Vereador";"NELSON RODRIGUES DO AMARAL";"17777";"PSL";"Suplente";"226";"0,02";"PR"
"30";"CURITIBA";"Vereador";"NELY LIDIA VALENTE ALMEIDA";"45677";"PSDB";"Suplente";"5.345";"0,55";"PR"
"30";"CURITIBA";"Vereador";"NEMÉSIO XAVIER DE FRANÇA FILHO";"15678";"PMDB";"Suplente";"3.240";"0,34";"PR"
"30";"CURITIBA";"Vereador";"NESTOR SARAIVA";"25600";"DEM";"Suplente";"767";"0,08";"PR"
"30";"CURITIBA";"Vereador";"NEY DE LUCCA MECKING";"15000";"PMDB";"Suplente";"2.513";"0,26";"PR"
"30";"CURITIBA";"Vereador";"NILSON BARBOSA PEREIRA";"33100";"PMN";"Não eleito";"387";"0,04";"PR"
"30";"CURITIBA";"Vereador";"NILSON MESQUITA";"43025";"PV";"Suplente";"457";"0,05";"PR"
"30";"CURITIBA";"Vereador";"NILSON SALES";"23500";"PPS";"Suplente";"2.519";"0,26";"PR"
"30";"CURITIBA";"Vereador";"NILTON DA SILVA REIS";"25066";"DEM";"Suplente";"696";"0,07";"PR"
"30";"CURITIBA";"Vereador";"NILTON FERREIRA BRANDAO";"13123";"PT";"Suplente";"2.176";"0,23";"PR"
"30";"CURITIBA";"Vereador";"NIRCE DA SILVA DE SOUZA";"40321";"PSB";"Suplente";"4";"0,00";"PR"
"30";"CURITIBA";"Vereador";"NIVALDO APARECIDO ALDIGUERI";"33077";"PMN";"Não eleito";"192";"0,02";"PR"
"30";"CURITIBA";"Vereador";"NIXON ALEXSANDRO FIORI";"40300";"PSB";"Suplente";"1.155";"0,12";"PR"
"30";"CURITIBA";"Vereador";"NOEMI FROES DOS SANTOS";"17222";"PSL";"Suplente";"604";"0,06";"PR"
"30";"CURITIBA";"Vereador";"NOEMIA DE SOUZA E SILVA ALVES ROCHA";"15007";"PMDB";"Eleito";"3.810";"0,39";"PR"
"30";"CURITIBA";"Vereador";"NOEMIA MARIA REFOSCO";"13555";"PT";"Suplente";"236";"0,02";"PR"
"30";"CURITIBA";"Vereador";"NORCA GORDAS BATISTA";"23456";"PPS";"Suplente";"2.631";"0,27";"PR"
"30";"CURITIBA";"Vereador";"ODAIR CALDEIRA PEDROZA";"13131";"PT";"Suplente";"162";"0,02";"PR"
"30";"CURITIBA";"Vereador";"ODILON VOLKMANN";"45555";"PSDB";"Eleito";"5.387";"0,56";"PR"
"30";"CURITIBA";"Vereador";"ODINIR BARBOZA";"33000";"PMN";"Não eleito";"193";"0,02";"PR"
"30";"CURITIBA";"Vereador";"ODISNEI NUNES DOS SANTOS";"15515";"PMDB";"Suplente";"1.660";"0,17";"PR"
"30";"CURITIBA";"Vereador";"OILSON ANTONIO ALVES";"65105";"PC do B";"Não eleito";"284";"0,03";"PR"
"30";"CURITIBA";"Vereador";"OLGA MARIA SOUZA DE ALMEIDA";"12312";"PDT";"Suplente";"93";"0,01";"PR"
"30";"CURITIBA";"Vereador";"OMAR SABBAG FILHO";"45080";"PSDB";"Eleito";"5.498";"0,57";"PR"
"30";"CURITIBA";"Vereador";"ONÓRIO JOSÉ BERNARDES";"12512";"PDT";"Suplente";"113";"0,01";"PR"
"30";"CURITIBA";"Vereador";"ORLANDO ANTUNES MARTINS";"33333";"PMN";"Não eleito";"590";"0,06";"PR"
"30";"CURITIBA";"Vereador";"ORLANDO ANZOATEGUI JUNIOR";"45234";"PSDB";"Suplente";"972";"0,10";"PR"
"30";"CURITIBA";"Vereador";"ORLANDO BERTOLDI NETO";"11041";"PP";"Suplente";"1.157";"0,12";"PR"
"30";"CURITIBA";"Vereador";"ORLANDO DE OLIVEIRA FILHO";"17706";"PSL";"Suplente";"376";"0,04";"PR"
"30";"CURITIBA";"Vereador";"ORLANDO ROBERTO DA SILVA";"13600";"PT";"Suplente";"91";"0,01";"PR"
"30";"CURITIBA";"Vereador";"OSCALINO DE MELO";"23555";"PPS";"Suplente";"2.676";"0,28";"PR"
"30";"CURITIBA";"Vereador";"OSCAR FREDERICO POSTAREK ADAMS";"23004";"PPS";"Suplente";"88";"0,01";"PR"
"30";"CURITIBA";"Vereador";"OSEIAS FRANÇA DOS REIS";"28012";"PRTB";"Não eleito";"17";"0,00";"PR"
"30";"CURITIBA";"Vereador";"OSMAR LUIZ LAMONATO";"17001";"PSL";"Suplente";"385";"0,04";"PR"
"30";"CURITIBA";"Vereador";"OSMAR SEBASTIÃO CORRÊA";"28555";"PRTB";"Não eleito";"397";"0,04";"PR"
"30";"CURITIBA";"Vereador";"OSNIN NUNES SOARES";"40800";"PSB";"Suplente";"2.688";"0,28";"PR"
"30";"CURITIBA";"Vereador";"OSVALDO BUSKEI";"20113";"PSC";"Suplente";"72";"0,01";"PR"
"30";"CURITIBA";"Vereador";"OSVALDO DOS SANTOS";"10444";"PRB";"Suplente";"114";"0,01";"PR"
"30";"CURITIBA";"Vereador";"OSWALDO LUIZ CARDOSO DA SILVA";"14900";"PTB";"Não eleito";"477";"0,05";"PR"
"30";"CURITIBA";"Vereador";"OSWALDO MACEDO DE CASTRO";"65618";"PC do B";"Não eleito";"200";"0,02";"PR"
"30";"CURITIBA";"Vereador";"OTAVIO AUGUSTO CARVALHO ALVES";"13061";"PT";"Suplente";"69";"0,01";"PR"
"30";"CURITIBA";"Vereador";"OTILIO RIBAS DE OLIVEIRA JUNIOR";"14143";"PTB";"Não eleito";"54";"0,01";"PR"
"30";"CURITIBA";"Vereador";"PASCOALINO DE STEFANO";"33156";"PMN";"Não eleito";"490";"0,05";"PR"
"30";"CURITIBA";"Vereador";"PAULO AFONSO NASCIMENTO";"20123";"PSC";"Suplente";"954";"0,10";"PR"
"30";"CURITIBA";"Vereador";"PAULO CESAR BUENO";"33552";"PMN";"Não eleito";"430";"0,04";"PR"
"30";"CURITIBA";"Vereador";"PAULO CESAR VELOSO";"23798";"PPS";"Suplente";"280";"0,03";"PR"
"30";"CURITIBA";"Vereador";"PAULO CEZAR NEGRÃO";"10210";"PRB";"Suplente";"110";"0,01";"PR"
"30";"CURITIBA";"Vereador";"PAULO DUARTE";"23025";"PPS";"Suplente";"419";"0,04";"PR"
"30";"CURITIBA";"Vereador";"PAULO FRANCISCO COELHO SOARES";"45010";"PSDB";"Suplente";"2.484";"0,26";"PR"
"30";"CURITIBA";"Vereador";"PAULO FRANCISCO SURIANO";"17300";"PSL";"Suplente";"114";"0,01";"PR"
"30";"CURITIBA";"Vereador";"PAULO FROTE";"45626";"PSDB";"Eleito";"9.208";"0,95";"PR"
"30";"CURITIBA";"Vereador";"PAULO HEITOR MARTINS";"31123";"PHS";"Suplente";"305";"0,03";"PR"
"30";"CURITIBA";"Vereador";"PAULO HENRIQUE CARRANO SANTOS";"25011";"DEM";"Suplente";"1.445";"0,15";"PR"
"30";"CURITIBA";"Vereador";"PAULO HENRIQUE GONZAGA DE OLIVEIRA";"11100";"PP";"Suplente";"129";"0,01";"PR"
"30";"CURITIBA";"Vereador";"PAULO JESUS DE MATOS";"23100";"PPS";"Suplente";"749";"0,08";"PR"
"30";"CURITIBA";"Vereador";"PAULO MAZZA DE SOUZA";"43434";"PV";"Suplente";"1.047";"0,11";"PR"
"30";"CURITIBA";"Vereador";"PAULO MOSIMANN DA SILVA";"11555";"PP";"Suplente";"814";"0,08";"PR"
"30";"CURITIBA";"Vereador";"PAULO ROBERTO COSTA DOS SANTOS";"15050";"PMDB";"Suplente";"229";"0,02";"PR"
"30";"CURITIBA";"Vereador";"PAULO ROBERTO FELICIO";"40690";"PSB";"Suplente";"213";"0,02";"PR"
"30";"CURITIBA";"Vereador";"PAULO ROBERTO FONTINELLI";"23450";"PPS";"Suplente";"337";"0,03";"PR"
"30";"CURITIBA";"Vereador";"PAULO ROBERTO WESCHER";"25251";"DEM";"Suplente";"1.063";"0,11";"PR"
"30";"CURITIBA";"Vereador";"PAULO SALAMUNI";"43243";"PV";"Suplente";"4.368";"0,45";"PR"
"30";"CURITIBA";"Vereador";"PAULO VITOR DA SILVA";"14333";"PTB";"Não eleito";"459";"0,05";"PR"
"30";"CURITIBA";"Vereador";"PAULO WOTKOSKI FILHO";"25699";"DEM";"Suplente";"899";"0,09";"PR"
"30";"CURITIBA";"Vereador";"PEDRO CORDEIRO DOS SANTOS";"10888";"PRB";"Suplente";"161";"0,02";"PR"
"30";"CURITIBA";"Vereador";"PEDRO PAULO COSTA";"13111";"PT";"Eleito";"4.152";"0,43";"PR"
"30";"CURITIBA";"Vereador";"PRISCILA SANTOS";"11008";"PP";"Suplente";"139";"0,01";"PR"
"30";"CURITIBA";"Vereador";"RAFAEL DE TARSO SCHROEDER";"23041";"PPS";"Suplente";"1.222";"0,13";"PR"
"30";"CURITIBA";"Vereador";"RAFAEL XAVIER SCHWARTZ";"15600";"PMDB";"Suplente";"2.521";"0,26";"PR"
"30";"CURITIBA";"Vereador";"RAUL BRAND JUNIOR";"45009";"PSDB";"Suplente";"471";"0,05";"PR"
"30";"CURITIBA";"Vereador";"REGINA MARIA AGUERA BAZELICHE";"13999";"PT";"Suplente";"306";"0,03";"PR"
"30";"CURITIBA";"Vereador";"REGINA PERPÉTUA CRUZ";"13007";"PT";"Suplente";"492";"0,05";"PR"
"30";"CURITIBA";"Vereador";"REGINALDO DONISETE FERREIRA";"23006";"PPS";"Suplente";"389";"0,04";"PR"
"30";"CURITIBA";"Vereador";"REGINALDO DONIZETTI BAZAGLIA";"12812";"PDT";"Suplente";"323";"0,03";"PR"
"30";"CURITIBA";"Vereador";"REINALDO PIRES";"12712";"PDT";"Suplente";"388";"0,04";"PR"
"30";"CURITIBA";"Vereador";"REIVANIL FERREIRA CARNEIRO";"27150";"PSDC";"Não eleito";"232";"0,02";"PR"
"30";"CURITIBA";"Vereador";"RENATA EITELWEIN BUENO";"23010";"PPS";"Eleito";"4.984";"0,52";"PR"
"30";"CURITIBA";"Vereador";"RENATO ALVES DE FREITAS";"20156";"PSC";"Suplente";"127";"0,01";"PR"
"30";"CURITIBA";"Vereador";"RENE PAULO FONTANELLI MACHADO";"23550";"PPS";"Suplente";"111";"0,01";"PR"
"30";"CURITIBA";"Vereador";"RENE RAMOS REGIO";"13313";"PT";"Suplente";"51";"0,01";"PR"
"30";"CURITIBA";"Vereador";"RICARDO AUGUSTO RODRIGUES";"17900";"PSL";"Suplente";"386";"0,04";"PR"
"30";"CURITIBA";"Vereador";"RICARDO DE OLIVEIRA MELLO";"11669";"PP";"Suplente";"3.695";"0,38";"PR"
"30";"CURITIBA";"Vereador";"RICARDO MUELLER DE OLIVEIRA";"11000";"PP";"Suplente";"738";"0,08";"PR"
"30";"CURITIBA";"Vereador";"RICARDO TADEU NIEBUHR";"25147";"DEM";"Suplente";"208";"0,02";"PR"
"30";"CURITIBA";"Vereador";"RICK HROMADA";"20000";"PSC";"Suplente";"201";"0,02";"PR"
"30";"CURITIBA";"Vereador";"RITA DE CÁCIA DELFES";"45452";"PSDB";"Suplente";"587";"0,06";"PR"
"30";"CURITIBA";"Vereador";"RITA PLOCHARSKI";"45030";"PSDB";"Suplente";"854";"0,09";"PR"
"30";"CURITIBA";"Vereador";"RIVANIO APARECIDO RODRIGUES";"43013";"PV";"Suplente";"244";"0,03";"PR"
"30";"CURITIBA";"Vereador";"ROBERTO BIESEMEYER";"70007";"PT do B";"Não eleito";"5.383";"0,56";"PR"
"30";"CURITIBA";"Vereador";"ROBERTO FIRMINO DE SOUZA";"25550";"DEM";"Suplente";"532";"0,06";"PR"
"30";"CURITIBA";"Vereador";"ROBERTO KAYSER";"23633";"PPS";"Suplente";"244";"0,03";"PR"
"30";"CURITIBA";"Vereador";"ROBERTO MACIEL TAVARES";"11877";"PP";"Suplente";"210";"0,02";"PR"
"30";"CURITIBA";"Vereador";"ROBERTO OTERO PADILHA BRAGA";"20013";"PSC";"Suplente";"199";"0,02";"PR"
"30";"CURITIBA";"Vereador";"ROBERTO PELLIN";"25777";"DEM";"Suplente";"462";"0,05";"PR"
"30";"CURITIBA";"Vereador";"ROBERTO PIANOWSKI DE MORAES";"27007";"PSDC";"Não eleito";"181";"0,02";"PR"
"30";"CURITIBA";"Vereador";"ROBERTO VITORINO DE OLIVEIRA";"27797";"PSDC";"Não eleito";"343";"0,04";"PR"
"30";"CURITIBA";"Vereador";"ROBERVAL MARTE DOS SANTOS";"43500";"PV";"Suplente";"387";"0,04";"PR"
"30";"CURITIBA";"Vereador";"ROBINSON CAMARGO";"12006";"PDT";"Suplente";"175";"0,02";"PR"
"30";"CURITIBA";"Vereador";"ROBINSON LUIS CORDEIRO DE PAULA";"33555";"PMN";"Não eleito";"314";"0,03";"PR"
"30";"CURITIBA";"Vereador";"ROBOÃO SENEGAGLIA";"28999";"PRTB";"Não eleito";"256";"0,03";"PR"
"30";"CURITIBA";"Vereador";"ROBSON CHAVES NIZER";"36789";"PTC";"Suplente";"92";"0,01";"PR"
"30";"CURITIBA";"Vereador";"RODRIGO BRAUHARDT";"23677";"PPS";"Suplente";"615";"0,06";"PR"
"30";"CURITIBA";"Vereador";"RODRIGO CARMINATTI LEINIG";"23700";"PPS";"Suplente";"144";"0,01";"PR"
"30";"CURITIBA";"Vereador";"RODRIGO HENRIQUE GARCIA DE LIMA";"65165";"PC do B";"Não eleito";"226";"0,02";"PR"
"30";"CURITIBA";"Vereador";"ROMANA PRITSCH";"45666";"PSDB";"Suplente";"282";"0,03";"PR"
"30";"CURITIBA";"Vereador";"ROMILDO DO CARMO";"27009";"PSDC";"Não eleito";"20";"0,00";"PR"
"30";"CURITIBA";"Vereador";"RONALDO PACHECO GUIMARAES";"25552";"DEM";"Suplente";"416";"0,04";"PR"
"30";"CURITIBA";"Vereador";"RONALDO SUBKOWIAK";"31031";"PHS";"Suplente";"2.139";"0,22";"PR"
"30";"CURITIBA";"Vereador";"ROQUE FERNANDES";"45675";"PSDB";"Suplente";"798";"0,08";"PR"
"30";"CURITIBA";"Vereador";"ROSA LÚCIA DA SILVA MELLO'";"10222";"PRB";"Suplente";"496";"0,05";"PR"
"30";"CURITIBA";"Vereador";"ROSA MARIA DOLBERT";"15244";"PMDB";"Suplente";"42";"0,00";"PR"
"30";"CURITIBA";"Vereador";"ROSANGELA MARIA SCHELLIN";"12574";"PDT";"Suplente";"1";"0,00";"PR"
"30";"CURITIBA";"Vereador";"ROSANGELA ODETE DE SOUZA ALVES";"45800";"PSDB";"Suplente";"879";"0,09";"PR"
"30";"CURITIBA";"Vereador";"ROSANGELA QUERIDO DA SILVA";"15660";"PMDB";"Suplente";"44";"0,00";"PR"
"30";"CURITIBA";"Vereador";"ROSE MARY DA LUZ DE ANDRADE";"12048";"PDT";"Suplente";"154";"0,02";"PR"
"30";"CURITIBA";"Vereador";"ROSE NEIDE DA SILVA";"28878";"PRTB";"Não eleito";"13";"0,00";"PR"
"30";"CURITIBA";"Vereador";"ROSELI ISIDORO";"13213";"PT";"Suplente";"3.443";"0,36";"PR"
"30";"CURITIBA";"Vereador";"ROSILENE DO NASCIMENTO ANTUNES";"23215";"PPS";"Suplente";"70";"0,01";"PR"
"30";"CURITIBA";"Vereador";"ROSIMAIRE ALVES DE LIMA";"27313";"PSDC";"Não eleito";"39";"0,00";"PR"
"30";"CURITIBA";"Vereador";"RUI SANTOS DE SOUZA";"25015";"DEM";"Suplente";"74";"0,01";"PR"
"30";"CURITIBA";"Vereador";"RUTH DE SOUZA";"40011";"PSB";"Suplente";"100";"0,01";"PR"
"30";"CURITIBA";"Vereador";"RUTILDE SOARES CZEPQNHUK DE FREITAS";"20555";"PSC";"Suplente";"173";"0,02";"PR"
"30";"CURITIBA";"Vereador";"SABINO PICOLO";"25625";"DEM";"Eleito";"9.846";"1,02";"PR"
"30";"CURITIBA";"Vereador";"SADI RUDI RIBAS";"40123";"PSB";"Suplente";"2.032";"0,21";"PR"
"30";"CURITIBA";"Vereador";"SALVADOR DOS REIS";"28022";"PRTB";"Não eleito";"151";"0,02";"PR"
"30";"CURITIBA";"Vereador";"SALVELINA BORGES";"11048";"PP";"Suplente";"145";"0,02";"PR"
"30";"CURITIBA";"Vereador";"SAMANTHA KATY SENTER";"45292";"PSDB";"Suplente";"767";"0,08";"PR"
"30";"CURITIBA";"Vereador";"SAMIR GERAY";"23523";"PPS";"Suplente";"1.013";"0,10";"PR"
"30";"CURITIBA";"Vereador";"SANDRA ELIANE DE OLIVEIRA";"27003";"PSDC";"Não eleito";"147";"0,02";"PR"
"30";"CURITIBA";"Vereador";"SANDRA MARA NETZ DE PAULA";"10410";"PRB";"Suplente";"330";"0,03";"PR"
"30";"CURITIBA";"Vereador";"SANDRO ALVES DE ALMEIDA";"27778";"PSDC";"Não eleito";"339";"0,04";"PR"
"30";"CURITIBA";"Vereador";"SANDRO FERREIRA MARTINS";"65111";"PC do B";"Não eleito";"157";"0,02";"PR"
"30";"CURITIBA";"Vereador";"SARA CAVALCANTI DA SILVA";"65131";"PC do B";"Não eleito";"253";"0,03";"PR"
"30";"CURITIBA";"Vereador";"SAUL DA SILVA BUENO";"12208";"PDT";"Suplente";"170";"0,02";"PR"
"30";"CURITIBA";"Vereador";"SAULO NUEVO MIGUEL";"43678";"PV";"Suplente";"49";"0,01";"PR"
"30";"CURITIBA";"Vereador";"SAULO SILVA";"40050";"PSB";"Suplente";"44";"0,00";"PR"
"30";"CURITIBA";"Vereador";"SEBASTIANA DE LURDES SANTOS DE LACERDA";"45150";"PSDB";"Suplente";"106";"0,01";"PR"
"30";"CURITIBA";"Vereador";"SEBASTIÃO VANDERLEY VIEIRA";"27777";"PSDC";"Não eleito";"447";"0,05";"PR"
"30";"CURITIBA";"Vereador";"SERGIO ALVES";"11190";"PP";"Suplente";"206";"0,02";"PR"
"30";"CURITIBA";"Vereador";"SERGIO AUGUSTO GOMES FERREIRA";"33007";"PMN";"Não eleito";"423";"0,04";"PR"
"30";"CURITIBA";"Vereador";"SÉRGIO BATISTA HENRICHS";"25373";"DEM";"Suplente";"1.532";"0,16";"PR"
"30";"CURITIBA";"Vereador";"SERGIO DOS SANTOS PINHEIRO";"10007";"PRB";"Suplente";"875";"0,09";"PR"
"30";"CURITIBA";"Vereador";"SERGIO FABRICIO BUSATO";"40171";"PSB";"Suplente";"413";"0,04";"PR"
"30";"CURITIBA";"Vereador";"SERGIO ITAMAR ALVES JUNIOR";"15500";"PMDB";"Suplente";"158";"0,02";"PR"
"30";"CURITIBA";"Vereador";"SÉRGIO RENATO BUENO BALAGUER";"45678";"PSDB";"Eleito";"12.661";"1,31";"PR"
"30";"CURITIBA";"Vereador";"SERGIO RIBEIRO";"43444";"PV";"Suplente";"3.631";"0,38";"PR"
"30";"CURITIBA";"Vereador";"SERGIO RICARDO RODRIGUES";"23423";"PPS";"Suplente";"254";"0,03";"PR"
"30";"CURITIBA";"Vereador";"SERGIO VENUTI";"13033";"PT";"Suplente";"53";"0,01";"PR"
"30";"CURITIBA";"Vereador";"SHIRLEY CRUZ TRAMUJAS";"27022";"PSDC";"Não eleito";"121";"0,01";"PR"
"30";"CURITIBA";"Vereador";"SILVESTRE  AUGUSTO MADEIRA";"27700";"PSDC";"Não eleito";"519";"0,05";"PR"
"30";"CURITIBA";"Vereador";"SILVIA DE CASSIA ROSA";"17661";"PSL";"Suplente";"92";"0,01";"PR"
"30";"CURITIBA";"Vereador";"SILVIO ROBERTO TOALDO";"12912";"PDT";"Suplente";"116";"0,01";"PR"
"30";"CURITIBA";"Vereador";"SIRLEI RODRIGUES DE MEIRA";"40750";"PSB";"Suplente";"321";"0,03";"PR"
"30";"CURITIBA";"Vereador";"SOPHIA JUDITH ROSA";"10025";"PRB";"Suplente";"12";"0,00";"PR"
"30";"CURITIBA";"Vereador";"SUELI DO ROCIO GONÇALVES FERREIRA";"25544";"DEM";"Suplente";"93";"0,01";"PR"
"30";"CURITIBA";"Vereador";"SUELI ELIZABETH WESTARB CRUZ";"43100";"PV";"Suplente";"817";"0,08";"PR"
"30";"CURITIBA";"Vereador";"SUELI TEREZINHA PIAZZETTA";"13008";"PT";"Suplente";"75";"0,01";"PR"
"30";"CURITIBA";"Vereador";"SURAMA ALONSO MIRANDA";"20321";"PSC";"Suplente";"75";"0,01";"PR"
"30";"CURITIBA";"Vereador";"TADEUSZ NATALIO TYMOWICZ";"11911";"PP";"Suplente";"1.444";"0,15";"PR"
"30";"CURITIBA";"Vereador";"TELMA RAQUEL SANTOS DA SILVA";"14777";"PTB";"Não eleito";"98";"0,01";"PR"
"30";"CURITIBA";"Vereador";"TEREZINHA PAZINI FONTANELLA";"40312";"PSB";"Suplente";"196";"0,02";"PR"
"30";"CURITIBA";"Vereador";"TIBOR BOROG JUNIOR";"15666";"PMDB";"Suplente";"438";"0,05";"PR"
"30";"CURITIBA";"Vereador";"TITO MORI";"20008";"PSC";"Suplente";"329";"0,03";"PR"
"30";"CURITIBA";"Vereador";"TITO ZEGLIN";"12345";"PDT";"Eleito";"10.373";"1,07";"PR"
"30";"CURITIBA";"Vereador";"TOBIAS LEAL RODRIGUES FILHO";"33315";"PMN";"Não eleito";"105";"0,01";"PR"
"30";"CURITIBA";"Vereador";"UBIRAJARA BINHARA";"12012";"PDT";"Suplente";"1.021";"0,11";"PR"
"30";"CURITIBA";"Vereador";"UBIRAJARA MATHIAS";"12456";"PDT";"Suplente";"286";"0,03";"PR"
"30";"CURITIBA";"Vereador";"UIAR ELIAS AMANCIO";"33006";"PMN";"Não eleito";"66";"0,01";"PR"
"30";"CURITIBA";"Vereador";"ULISSES KANIAK";"13113";"PT";"Suplente";"1.660";"0,17";"PR"
"30";"CURITIBA";"Vereador";"ULISSES MARTINS DE LIMA";"13500";"PT";"Suplente";"85";"0,01";"PR"
"30";"CURITIBA";"Vereador";"UMBERTO NUNES MACEDO";"17089";"PSL";"Suplente";"168";"0,02";"PR"
"30";"CURITIBA";"Vereador";"VALDEMIR MANOEL SOARES";"10123";"PRB";"Eleito";"14.186";"1,47";"PR"
"30";"CURITIBA";"Vereador";"VALDENIR DIELLE DIAS";"40840";"PSB";"Suplente";"1.952";"0,20";"PR"
"30";"CURITIBA";"Vereador";"VALDIR DE CORDOVA BICUDO";"23888";"PPS";"Suplente";"1.085";"0,11";"PR"
"30";"CURITIBA";"Vereador";"VALÉRIA DA SILVA";"14456";"PTB";"Não eleito";"4";"0,00";"PR"
"30";"CURITIBA";"Vereador";"VALERIA GERONASSO AMARAL";"25725";"DEM";"Suplente";"260";"0,03";"PR"
"30";"CURITIBA";"Vereador";"VALÉRIO CAVALHEIRO";"25021";"DEM";"Suplente";"604";"0,06";"PR"
"30";"CURITIBA";"Vereador";"VALMIR ALMEIDA";"20112";"PSC";"Suplente";"643";"0,07";"PR"
"30";"CURITIBA";"Vereador";"VALMIR CLEMENTE DE OLIVEIRA";"40021";"PSB";"Suplente";"100";"0,01";"PR"
"30";"CURITIBA";"Vereador";"VALTER JOSE DOS SANTOS";"23099";"PPS";"Suplente";"846";"0,09";"PR"
"30";"CURITIBA";"Vereador";"VANACIR LOPES GOMES";"43045";"PV";"Suplente";"110";"0,01";"PR"
"30";"CURITIBA";"Vereador";"VANDERLEI FERREIRA DE RAMOS";"13666";"PT";"Suplente";"151";"0,02";"PR"
"30";"CURITIBA";"Vereador";"VANDERLEI TRINDADE";"23074";"PPS";"Suplente";"358";"0,04";"PR"
"30";"CURITIBA";"Vereador";"VANDERLEI VILELA FRANCISCO";"10042";"PRB";"Suplente";"24";"0,00";"PR"
"30";"CURITIBA";"Vereador";"VANDERLI COUTO HARTCOPFF";"15345";"PMDB";"Suplente";"201";"0,02";"PR"
"30";"CURITIBA";"Vereador";"VANDUIR RODRIGUES MUNIZ";"11610";"PP";"Suplente";"410";"0,04";"PR"
"30";"CURITIBA";"Vereador";"VANEIDE VIEIRA FERREIRA";"17002";"PSL";"Suplente";"263";"0,03";"PR"
"30";"CURITIBA";"Vereador";"VANIL BARBARINE";"45444";"PSDB";"Suplente";"1.321";"0,14";"PR"
"30";"CURITIBA";"Vereador";"VERA LUCIA TEIXEIRA CHUEIRI";"43022";"PV";"Suplente";"198";"0,02";"PR"
"30";"CURITIBA";"Vereador";"VICENTE DE PAULA MUNIZ";"23028";"PPS";"Suplente";"342";"0,04";"PR"
"30";"CURITIBA";"Vereador";"VICENTE MESSIAS DOS SANTOS";"12720";"PDT";"Suplente";"36";"0,00";"PR"
"30";"CURITIBA";"Vereador";"VICTOR HUGO NOBLE TEIXEIRA";"15315";"PMDB";"Suplente";"364";"0,04";"PR"
"30";"CURITIBA";"Vereador";"VILMAR ALVES";"20023";"PSC";"Suplente";"802";"0,08";"PR"
"30";"CURITIBA";"Vereador";"VILMAR FRANCISCO BUBNIAK";"25888";"DEM";"Suplente";"705";"0,07";"PR"
"30";"CURITIBA";"Vereador";"VILSON KACHEL";"15200";"PMDB";"Suplente";"1.713";"0,18";"PR"
"30";"CURITIBA";"Vereador";"VOLMA GONÇALVES DE OLIVEIRA";"17000";"PSL";"Suplente";"682";"0,07";"PR"
"30";"CURITIBA";"Vereador";"WALDEMAR  JOSÉ TEODORO";"11123";"PP";"Suplente";"496";"0,05";"PR"
"30";"CURITIBA";"Vereador";"WALTER CÉZAR DOS SANTOS";"15014";"PMDB";"Suplente";"344";"0,04";"PR"
"30";"CURITIBA";"Vereador";"WALTER GODINHO DA ROCHA";"20444";"PSC";"Suplente";"2.139";"0,22";"PR"
"30";"CURITIBA";"Vereador";"WILSON ESTEVAM GUIMARÃES";"12222";"PDT";"Suplente";"200";"0,02";"PR"
"30";"CURITIBA";"Vereador";"YARA WOJSLAW PEREIRA DIAS";"11700";"PP";"Suplente";"135";"0,01";"PR"
